rank,cik,accession,form,filingDate,document,bytes_in_index_json,why,url,disposition
1,0000012927,0000012927-94-000001,DEF 14A,1994-03-15,0000012927-94-000001.txt,0,index.json listing (0 B),https://www.sec.gov/Archives/edgar/data/0000012927/000001292794000001/0000012927-94-000001.txt,fetched this run
2,0000012927,0000012927-94-000004,10-K,1994-03-17,0000012927-94-000004.txt,0,index.json listing (0 B),https://www.sec.gov/Archives/edgar/data/0000012927/000001292794000004/0000012927-94-000004.txt,fetched this run
3,0000012927,0000012927-95-000002,10-K,1995-03-09,0000012927-95-000002.txt,0,index.json listing (0 B),https://www.sec.gov/Archives/edgar/data/0000012927/000001292795000002/0000012927-95-000002.txt,fetched this run
4,0000012927,0000012927-96-000003,10-K,1996-03-13,0000012927-96-000003.txt,0,index.json listing (0 B),https://www.sec.gov/Archives/edgar/data/0000012927/000001292796000003/0000012927-96-000003.txt,fetched this run
5,0000012927,0000950157-96-000244,S-3,1996-09-11,0000950157-96-000244.txt,0,index.json listing (0 B),https://www.sec.gov/Archives/edgar/data/0000012927/000095015796000244/0000950157-96-000244.txt,fetched this run
6,0000012927,0000950123-96-006004,S-4,1996-10-29,0000950123-96-006004.txt,0,index.json listing (0 B),https://www.sec.gov/Archives/edgar/data/0000012927/000095012396006004/0000950123-96-006004.txt,fetched this run
7,0000012927,0000950157-96-000483,8-K,1996-12-20,0000950157-96-000483.txt,0,index.json listing (0 B),https://www.sec.gov/Archives/edgar/data/0000012927/000095015796000483/0000950157-96-000483.txt,fetched this run
8,0000012927,0000012927-97-000020,10-K,1997-03-10,0000012927-97-000020.txt,0,index.json listing (0 B),https://www.sec.gov/Archives/edgar/data/0000012927/000001292797000020/0000012927-97-000020.txt,fetched this run
9,0000012927,0000950157-97-000376,SC 13D,1997-08-12,0000950157-97-000376.txt,0,index.json listing (0 B),https://www.sec.gov/Archives/edgar/data/0000012927/000095015797000376/0000950157-97-000376.txt,fetched this run
10,0000012927,0000012927-98-000007,10-K,1998-03-04,0000012927-98-000007.txt,0,index.json listing (0 B),https://www.sec.gov/Archives/edgar/data/0000012927/000001292798000007/0000012927-98-000007.txt,fetched this run
11,0000012927,0000891020-98-000905,S-4/A,1998-05-29,0000891020-98-000905.txt,0,index.json listing (0 B),https://www.sec.gov/Archives/edgar/data/0000012927/000089102098000905/0000891020-98-000905.txt,fetched this run
12,0000012927,0000093748-99-000041,SC 13G,1999-02-11,0000093748-99-000041.txt,0,index.json listing (0 B),https://www.sec.gov/Archives/edgar/data/0000012927/000009374899000041/0000093748-99-000041.txt,fetched this run
13,0000012927,0000012927-99-000010,10-K,1999-03-05,0000012927-99-000010.txt,0,index.json listing (0 B),https://www.sec.gov/Archives/edgar/data/0000012927/000001292799000010/0000012927-99-000010.txt,fetched this run
14,0000012927,0000012927-00-000002,10-K,2000-03-08,0000012927-00-000002.txt,0,index.json listing (0 B),https://www.sec.gov/Archives/edgar/data/0000012927/000001292700000002/0000012927-00-000002.txt,fetched this run
15,0000012927,0000093748-00-500007,SC 13G,2000-10-06,septba.txt,5419,primaryDocument,https://www.sec.gov/Archives/edgar/data/0000012927/000009374800500007/septba.txt,fetched this run
16,0000012927,0000093748-00-500007,SC 13G,2000-10-06,0000093748-00-500007.txt,0,index.json listing (0 B),https://www.sec.gov/Archives/edgar/data/0000012927/000009374800500007/0000093748-00-500007.txt,fetched this run
17,0000012927,0000093748-01-500066,SC 13G,2001-02-09,boeing00.txt,5386,primaryDocument,https://www.sec.gov/Archives/edgar/data/0000012927/000009374801500066/boeing00.txt,fetched this run
18,0000012927,0000093748-01-500066,SC 13G,2001-02-09,0000093748-01-500066.txt,0,index.json listing (0 B),https://www.sec.gov/Archives/edgar/data/0000012927/000009374801500066/0000093748-01-500066.txt,fetched this run
19,0000012927,0000315066-01-000163,SC 13G/A,2001-02-13,0001.txt,12332,primaryDocument,https://www.sec.gov/Archives/edgar/data/0000012927/000031506601000163/0001.txt,fetched this run
20,0000012927,0000315066-01-000163,SC 13G/A,2001-02-13,0000315066-01-000163.txt,0,index.json listing (0 B),https://www.sec.gov/Archives/edgar/data/0000012927/000031506601000163/0000315066-01-000163.txt,fetched this run
21,0000012927,0000012927-01-000004,10-K,2001-03-09,0001.txt,348692,primaryDocument,https://www.sec.gov/Archives/edgar/data/0000012927/000001292701000004/0001.txt,fetched this run
22,0000012927,0000012927-01-000004,10-K,2001-03-09,0002.txt,1344,index.json listing (1344 B),https://www.sec.gov/Archives/edgar/data/0000012927/000001292701000004/0002.txt,fetched this run
23,0000012927,0000012927-01-000004,10-K,2001-03-09,0000012927-01-000004.txt,0,index.json listing (0 B),https://www.sec.gov/Archives/edgar/data/0000012927/000001292701000004/0000012927-01-000004.txt,fetched this run
24,0000012927,0000950109-01-500277,DEF 14A,2001-03-23,ddef14a.htm,493420,primaryDocument,https://www.sec.gov/Archives/edgar/data/0000012927/000095010901500277/ddef14a.htm,fetched this run
25,0000012927,0000950109-01-500277,DEF 14A,2001-03-23,0000950109-01-500277.txt,0,index.json listing (0 B),https://www.sec.gov/Archives/edgar/data/0000012927/000095010901500277/0000950109-01-500277.txt,fetched this run
26,0000012927,0000891020-01-500177,8-K,2001-09-10,v75689e8-k.txt,4565,primaryDocument,https://www.sec.gov/Archives/edgar/data/0000012927/000089102001500177/v75689e8-k.txt,fetched this run
27,0000012927,0000891020-01-500177,8-K,2001-09-10,0000891020-01-500177.txt,0,index.json listing (0 B),https://www.sec.gov/Archives/edgar/data/0000012927/000089102001500177/0000891020-01-500177.txt,fetched this run
28,0000012927,0001095811-01-505025,8-K,2001-09-20,v75896e8-k.htm,11446,primaryDocument,https://www.sec.gov/Archives/edgar/data/0000012927/000109581101505025/v75896e8-k.htm,fetched this run
29,0000012927,0001095811-01-505025,8-K,2001-09-20,0001095811-01-505025.txt,0,index.json listing (0 B),https://www.sec.gov/Archives/edgar/data/0000012927/000109581101505025/0001095811-01-505025.txt,fetched this run
30,0000012927,0000891020-01-500189,8-K,2001-10-30,v76650e8-k.htm,5508,primaryDocument,https://www.sec.gov/Archives/edgar/data/0000012927/000089102001500189/v76650e8-k.htm,fetched this run
31,0000012927,0000891020-01-500189,8-K,2001-10-30,0000891020-01-500189.txt,0,index.json listing (0 B),https://www.sec.gov/Archives/edgar/data/0000012927/000089102001500189/0000891020-01-500189.txt,fetched this run
32,0000012927,0000093748-02-000012,SC 13G,2002-02-05,boeing01.txt,5371,primaryDocument,https://www.sec.gov/Archives/edgar/data/0000012927/000009374802000012/boeing01.txt,fetched this run
33,0000012927,0000093748-02-000012,SC 13G,2002-02-05,0000093748-02-000012.txt,0,index.json listing (0 B),https://www.sec.gov/Archives/edgar/data/0000012927/000009374802000012/0000093748-02-000012.txt,fetched this run
34,0000012927,0000812295-02-000035,SC 13G/A,2002-02-11,boeing1.txt,9370,primaryDocument,https://www.sec.gov/Archives/edgar/data/0000012927/000081229502000035/boeing1.txt,fetched this run
35,0000012927,0000812295-02-000035,SC 13G/A,2002-02-11,0000812295-02-000035.txt,0,index.json listing (0 B),https://www.sec.gov/Archives/edgar/data/0000012927/000081229502000035/0000812295-02-000035.txt,fetched this run
36,0000012927,0001074683-02-000060,SC 13G,2002-02-13,boeing.txt,4875,primaryDocument,https://www.sec.gov/Archives/edgar/data/0000012927/000107468302000060/boeing.txt,fetched this run
37,0000012927,0001074683-02-000060,SC 13G,2002-02-13,0001074683-02-000060.txt,0,index.json listing (0 B),https://www.sec.gov/Archives/edgar/data/0000012927/000107468302000060/0001074683-02-000060.txt,fetched this run
38,0000012927,0000012927-02-000005,10-K,2002-03-08,k2001doc.txt,588371,primaryDocument,https://www.sec.gov/Archives/edgar/data/0000012927/000001292702000005/k2001doc.txt,fetched this run
39,0000012927,0000012927-02-000005,10-K,2002-03-08,0000012927-02-000005.txt,0,index.json listing (0 B),https://www.sec.gov/Archives/edgar/data/0000012927/000001292702000005/0000012927-02-000005.txt,fetched this run
40,0000012927,0000912057-02-011051,DEF 14A,2002-03-22,a2072499zdef14a.htm,351125,primaryDocument,https://www.sec.gov/Archives/edgar/data/0000012927/000091205702011051/a2072499zdef14a.htm,fetched this run
41,0000012927,0000912057-02-011051,DEF 14A,2002-03-22,0000912057-02-011051.txt,0,index.json listing (0 B),https://www.sec.gov/Archives/edgar/data/0000012927/000091205702011051/0000912057-02-011051.txt,SKIPPED beyond --max-docs 40
