rank,slot,cik,accession,file,path,bytes,words,status,form,filingDate,url,why,listing
1,doc:0000950131-94-000279:0000950131-94-000279.txt,0000034088,0000950131-94-000279,0000950131-94-000279.txt,sec\0000950131-94-000279_0000950131-94-000279.txt,100680,12413,ok,DEF 14A,1994-03-04,https://www.sec.gov/Archives/edgar/data/0000034088/000095013194000279/0000950131-94-000279.txt,index.json listing (0 B),"listing via padded-cik/nodash-dir (4 items, 1 unnamed)"
2,doc:0000950131-94-000308:0000950131-94-000308.txt,0000034088,0000950131-94-000308,0000950131-94-000308.txt,sec\0000950131-94-000308_0000950131-94-000308.txt,309792,32880,ok,10-K,1994-03-11,https://www.sec.gov/Archives/edgar/data/0000034088/000095013194000308/0000950131-94-000308.txt,index.json listing (0 B),"listing via padded-cik/nodash-dir (11 items, 8 unnamed)"
3,doc:0000034088-94-000006:0000034088-94-000006.txt,0000034088,0000034088-94-000006,0000034088-94-000006.txt,sec\0000034088-94-000006_0000034088-94-000006.txt,6756,831,ok,8-K,1994-09-21,https://www.sec.gov/Archives/edgar/data/0000034088/000003408894000006/0000034088-94-000006.txt,index.json listing (0 B),"listing via padded-cik/nodash-dir (4 items, 1 unnamed)"
4,doc:0000950109-95-000647:0000950109-95-000647.txt,0000034088,0000950109-95-000647,0000950109-95-000647.txt,sec\0000950109-95-000647_0000950109-95-000647.txt,242356,23800,ok,10-K,1995-03-10,https://www.sec.gov/Archives/edgar/data/0000034088/000095010995000647/0000950109-95-000647.txt,index.json listing (0 B),"listing via padded-cik/nodash-dir (9 items, 6 unnamed)"
5,doc:0000950117-95-000238:0000950117-95-000238.txt,0000034088,0000950117-95-000238,0000950117-95-000238.txt,sec\0000950117-95-000238_0000950117-95-000238.txt,78365,9589,ok,S-3,1995-06-28,https://www.sec.gov/Archives/edgar/data/0000034088/000095011795000238/0000950117-95-000238.txt,index.json listing (0 B),"listing via padded-cik/nodash-dir (7 items, 4 unnamed)"
6,doc:0000930661-96-000138:0000930661-96-000138.txt,0000034088,0000930661-96-000138,0000930661-96-000138.txt,sec\0000930661-96-000138_0000930661-96-000138.txt,262203,26649,ok,10-K,1996-03-08,https://www.sec.gov/Archives/edgar/data/0000034088/000093066196000138/0000930661-96-000138.txt,index.json listing (0 B),"listing via padded-cik/nodash-dir (9 items, 6 unnamed)"
7,doc:0000930661-97-000575:0000930661-97-000575.txt,0000034088,0000930661-97-000575,0000930661-97-000575.txt,sec\0000930661-97-000575_0000930661-97-000575.txt,358948,39999,ok,10-K405,1997-03-13,https://www.sec.gov/Archives/edgar/data/0000034088/000093066197000575/0000930661-97-000575.txt,index.json listing (0 B),"listing via padded-cik/nodash-dir (11 items, 8 unnamed)"
8,doc:0000930661-98-000526:0000930661-98-000526.txt,0000034088,0000930661-98-000526,0000930661-98-000526.txt,sec\0000930661-98-000526_0000930661-98-000526.txt,402757,39491,ok,10-K405,1998-03-18,https://www.sec.gov/Archives/edgar/data/0000034088/000093066198000526/0000930661-98-000526.txt,index.json listing (0 B),"listing via padded-cik/nodash-dir (11 items, 8 unnamed)"
9,doc:0000950103-98-001093:0000950103-98-001093.txt,0000034088,0000950103-98-001093,0000950103-98-001093.txt,sec\0000950103-98-001093_0000950103-98-001093.txt,21528,2692,ok,SC 13D,1998-12-11,https://www.sec.gov/Archives/edgar/data/0000034088/000095010398001093/0000950103-98-001093.txt,index.json listing (0 B),"listing via padded-cik/nodash-dir (4 items, 1 unnamed)"
10,doc:0000930661-99-000626:0000930661-99-000626.txt,0000034088,0000930661-99-000626,0000930661-99-000626.txt,sec\0000930661-99-000626_0000930661-99-000626.txt,287106,27729,ok,10-K,1999-03-30,https://www.sec.gov/Archives/edgar/data/0000034088/000093066199000626/0000930661-99-000626.txt,index.json listing (0 B),"listing via padded-cik/nodash-dir (10 items, 7 unnamed)"
11,doc:0000950103-99-000247:0000950103-99-000247.txt,0000034088,0000950103-99-000247,0000950103-99-000247.txt,sec\0000950103-99-000247_0000950103-99-000247.txt,890699,116580,ok,S-4,1999-04-05,https://www.sec.gov/Archives/edgar/data/0000034088/000095010399000247/0000950103-99-000247.txt,index.json listing (0 B),"listing via padded-cik/nodash-dir (20 items, 17 unnamed)"
