body	query	htid	title	published	access	rights
640238bfc6cb7376-r		uva.x030444760	Army logistician, v.97		fulltext	Full View
640238bfc6cb7376-r		uiug.30112048646365	Customs bulletin : Treasury decisions under customs and other laws, v.34:1-13		fulltext	Full View
640238bfc6cb7376-r		uiug.30112005545535	Customs bulletin : Treasury decisions under customs and other laws, v.29:23-35		fulltext	Full View
640238bfc6cb7376-r		uiug.30112027343745	Customs bulletin : Treasury decisions under customs and other laws, v.29:36-41		fulltext	Full View
a479303933789ab1-r		mdp.39015006744372	Shops &amp; stores	1957	fulltext	Full View
a479303933789ab1-r		mdp.39015013246254	Baited bulletin boards : a handbook for teachers. Thomas Arthur Koskey	1954	fulltext	Full View
a479303933789ab1-r		coo.31924000491500	Food sales, unlimited [by] Paul L.H. Heine	1952	fulltext	Full View
a479303933789ab1-r		umn.31951d012180176	A prospectus for marine game fish research / Bureau of Sport Fisheries and Wildlife	1959	fulltext	Full View
a479303933789ab1-r		coo.31924061648733	[Radio broadcasts]., 1954	1954	fulltext	Full View
a479303933789ab1-r		coo.31924014498657	The first book of puppets. Pictures by Jean Michener	1952	fulltext	Full View
a479303933789ab1-r		coo.31924003551813	The consumer investigates, by A. B. Zu Tavern and A. E. Bullock	1954	fulltext	Full View
a479303933789ab1-r		mdp.39015008058508	Art of the young child : 3 to 5 years	1957	fulltext	Full View
a479303933789ab1-r		uc1.$b104290	The accounting process; a textbook covering the basic concepts, principles, and conventions of accounting as applied in enterprises operated for profit	1956	fulltext	Full View
a479303933789ab1-r		rul.39030017478886	Art of the young child : 3 to 5 years	1957	fulltext	Full View
a479303933789ab1-r		coo.31924013735927	Modern garden supply retailing	1954	fulltext	Full View
a479303933789ab1-r		mdp.39015077952839	A summary of a study of fifty unmarried Negro mothers in pending and active aid to dependent children cases in the Marion County Dept. of Public Welfare, Indian	1957	fulltext	Full View
a479303933789ab1-r		uc1.31822033824012	Taking it easy with your camera	1957	fulltext	Full View
a479303933789ab1-r		mdp.39015071522364	Lessons in pronunciation / by the research staff of the English Language Institute, Charles C. Fries, Director, v.3	1950	fulltext	Full View
a479303933789ab1-r		uc1.b3593670	Please excuse Johnny	1952	fulltext	Full View
a479303933789ab1-r		mdp.39015067897226	A study of fifty unmarried Negro mothers in pending and active Aid to Dependent Children cases in the Marion County Department of Public Welfare, Indianapolis, 	1957	fulltext	Full View
a479303933789ab1-r		mdp.39015062218154	Please excuse Johnny	1952	fulltext	Full View
a479303933789ab1-r		coo.31924055190866	Cornell countryman, v.55-56 1957/58-1958/59	1958	fulltext	Full View
a479303933789ab1-r		coo.31924014065233	How to mend china and bric-a-brac as a hobby [and] as a business, by Paul St. Gaudens and Arthur R. Jackson. Drawings by Jane Pitts	1953	fulltext	Full View
a479303933789ab1-r		mdp.39015002631888	New York: confidential! / By Jack Lait and Lee Mortimer	1951	fulltext	Full View
a479303933789ab1-r		wu.89065943649	Gresham Centennial, 1908-1958 : these hewed the way to civilization / [Walter and Elise Rockman Schmidt.]	1958	fulltext	Full View
a479303933789ab1-r		uc1.b3939366	Your library; how to organize an elementary school library, by Richard J. Hurley, for the Commission on American Citizenship	1956	fulltext	Full View
a479303933789ab1-r		coo.31924000781850	Cornell poultry pointers, v.1-5 1949-53	1953	fulltext	Full View
a479303933789ab1-r		mdp.39015033889422	Your library; how to organize an elementary school library	1956	fulltext	Full View
a479303933789ab1-r		uc1.32106017217735	Five lessons: the modern fundamentals of golf [by] Ben Hogan, with Herbert Warren Wind. Drawings by Anthony Ravielli	1957	fulltext	Full View
a479303933789ab1-r		uiug.30112121379231	Amending the Fair Labor Standards Act of 1938 : hearings before the Subcommittee on Labor ... Eighty-fourth Congress, second session, on S. 662, a bill to amend	1956	fulltext	Full View
a479303933789ab1-r		coo.31924013884873	Retailing, basic principles, by Pearce C. Kelley [and] Norris B. Brisco	1957	fulltext	Full View
a479303933789ab1-r		umn.31951d02113071o	Amending the Fair Labor Standards Act of 1938 : hearings before the United States Senate Committee on Labor and Public Welfare, Subcommittee on Labor, Eighty-Fo	1956	fulltext	Full View
a479303933789ab1-r		coo.31924065125506	Homemakers' radio news, 1956	1956	fulltext	Full View
a479303933789ab1-r		uc1.b3157614	Retailing : principles and methods / Delbert J. Duncan and Charles F. Phillips	1959	fulltext	Full View
a479303933789ab1-r		coo.31924013885920	Retailing: principles and methods [by] Delbert J. Duncan and Charles F. Phillips	1955	fulltext	Full View
a479303933789ab1-r		mdp.39015058019434	City in the forest ; the story of Lansing	1950	fulltext	Full View
a479303933789ab1-r		coo.31924013885250	Your business; a handbook of management aids for the New York businessman	1950	fulltext	Full View
a479303933789ab1-r		mdp.39015027866089	The community builders handbook, 1954	1954	fulltext	Full View
a479303933789ab1-r		osu.32435051554558	Report, 1950 1950	1950	fulltext	Full View
a479303933789ab1-r		coo.31924013885615	Make money at home	1952	fulltext	Full View
a479303933789ab1-r		mdp.39015001132961	Voice in the wilderness / by Eugene Henry Huffman	1959	fulltext	Full View
a479303933789ab1-r		wu.89033936121	The community builders handbook	1954	fulltext	Full View
a479303933789ab1-r		rul.39030018165201	The community builders handbook	1954	fulltext	Full View
a479303933789ab1-r		pst.000060089212	Traffic quarterly, v.12 1958	1958	fulltext	Full View
a479303933789ab1-r		mdp.39015021323277	Traffic quarterly, v.12 1958	1958	fulltext	Full View
a479303933789ab1-r		mdp.39015073347851	How to get that part time job	1958	fulltext	Full View
a479303933789ab1-r		mdp.39015048677606	Orally speaking, a brief history of dentistry and the part the M. F. Patterson Dental Supply Co. has played in it throughout the greater part of the West during	1957	fulltext	Full View
a479303933789ab1-r		uc1.$b3473	Traffic quarterly, v.12 (1958)	1958	fulltext	Full View
a479303933789ab1-r		coo.31924019133762	The complete book of roses	1956	fulltext	Full View
a479303933789ab1-r		mdp.39015013096873	An intensive course in English, v.3	1959	fulltext	Full View
a479303933789ab1-r		uiug.30112106758128	Monthly newsletter / the Bureau of Supplies and Accounts, Navy Department, v.22 (1959)	1959	fulltext	Full View
a479303933789ab1-r		mdp.39015019961039	English pronunciation; exercises in sound segments, intonation, and rhythm / by the Research Staff of the English Language Institute, Charles C. Fries, director	1954	fulltext	Full View
a479303933789ab1-r		mdp.39015071306529	Detroit, an industrial miracle / by George W. Stark	1951	fulltext	Full View
a479303933789ab1-r		mdp.39015071522372	English pronunciation; exercises in sound segments, intonation, and rhythm / by the Research Staff of the English Language Institute, Charles C. Fries, director	1954	fulltext	Full View
a479303933789ab1-r		mdp.39015006802105	Shaping America's products	1956	fulltext	Full View
a479303933789ab1-r		mdp.35128001854924	Cotton manufacturing in the Southeast: an historical analysis, no. 5	1959	fulltext	Full View
a479303933789ab1-r		mdp.39015008418033	Shaping America's products	1956	fulltext	Full View
a479303933789ab1-r		mdp.39015005550390	Workingman's wife ; her personality, world, and life style / by Lee Rainwater, Richard P. Coleman [and] Gerald Handel. Pref. by W. Lloyd Warner. Introd. by Burl	1959	fulltext	Full View
a479303933789ab1-r		uc1.b3462155	Pay the two dollars; or, How to stay out of court and what to do when you get there. Drawings by Paul Coker	1957	fulltext	Full View
a479303933789ab1-r		uva.x001707011	Workingman's wife ; her personality, world, and life style / by Lee Rainwater, Richard P. Coleman [and] Gerald Handel. Pref. by W. Lloyd Warner. Introd. by Burl	1959	fulltext	Full View
a479303933789ab1-r		uc1.b3973120	Workingman's wife ; her personality, world, and life style / by Lee Rainwater, Richard P. Coleman [and] Gerald Handel. Pref. by W. Lloyd Warner. Introd. by Burl	1959	fulltext	Full View
a479303933789ab1-r		mdp.39015016414768	The hit, a novel	1957	fulltext	Full View
a479303933789ab1-r		inu.32000007491527	American economic history [by] Donald L. Kemmerer [and] C. Clyde Jones	1959	fulltext	Full View
a479303933789ab1-r		wu.89031143217	Workingman's wife ; her personality, world, and life style / by Lee Rainwater, Richard P. Coleman [and] Gerald Handel. Pref. by W. Lloyd Warner. Introd. by Burl	1959	fulltext	Full View
a479303933789ab1-r		uc1.b3632377	Modern marketing: dynamics and management	1955	fulltext	Full View
a479303933789ab1-r		mdp.39015054100832	Workingman's wife ; her personality, world, and life style / by Lee Rainwater, Richard P. Coleman [and] Gerald Handel. Pref. by W. Lloyd Warner. Introd. by Burl	1959	fulltext	Full View
a479303933789ab1-r		uc1.b4098622	Let's face it; a guide to good grooming for Negro girls. With decorations by Harper Johnson	1959	fulltext	Full View
a479303933789ab1-r		mdp.39015028083734	Workingman's wife ; her personality, world, and life style / by Lee Rainwater, Richard P. Coleman [and] Gerald Handel. Pref. by W. Lloyd Warner. Introd. by Burl	1959	fulltext	Full View
a479303933789ab1-r		uc1.b3687985	Anatomy of me; a wonderer in search of herself	1958	fulltext	Full View
a479303933789ab1-r		osu.32435069594752	Two miles north : a historical novel / Sponsored by the Women's Auxiliary of Decatur and Macon County Hospital	1958	fulltext	Full View
a479303933789ab1-r		mdp.39015025344691	Anatomy of me; a wonderer in search of herself	1958	fulltext	Full View
a479303933789ab1-r		mdp.39015024844493	The modal personality structure of the Tuscarora Indians as revealed by the Rorschach test	1952	fulltext	Full View
a479303933789ab1-r		uc1.$b102974	Anatomy of me; a wonderer in search of herself	1958	fulltext	Full View
a479303933789ab1-r		mdp.39015006985785	A multitude of men : a novel / by William Dale Smith	1959	fulltext	Full View
a479303933789ab1-r		mdp.39015015793691	Contemporary American painting and sculpture. [Catalog]., 1952	1952	fulltext	Full View
a479303933789ab1-r		uc1.$b105518	A multitude of men : a novel / by William Dale Smith	1959	fulltext	Full View
a479303933789ab1-r		mdp.39015064382768	Sixty miles north; saga of a country schoolteacher	1953	fulltext	Full View
a479303933789ab1-r		uiug.30112119745500	Prohibiting lithographing or engraving on envelopes sold by the Post Office Department, and for other purposes : hearings before the Committee on Post Office an	1953	fulltext	Full View
a479303933789ab1-r		mdp.39015081138979	Getting acquainted with minerals [by] George Letchworth English [and] David E. Jensen	1958	fulltext	Full View
a479303933789ab1-r		uc1.b5043346	Getting acquainted with minerals [by] George Letchworth English [and] David E. Jensen	1958	fulltext	Full View
a479303933789ab1-r		uc1.31822013383278	Getting acquainted with minerals [by] George Letchworth English [and] David E. Jensen	1958	fulltext	Full View
a479303933789ab1-r		coo.31924003529868	Exploring home and family living / Henrietta Fleck, Louise Fernandez, Elizabeth Munves	1959	fulltext	Full View
a479303933789ab1-r		uc1.$b75796	Making inventions pay : a practical guide to selling, protecting, manufacturing, and marketing your inventions / by Joseph C. Keeley	1950	fulltext	Full View
a479303933789ab1-r		coo.31924000364582	Growing cotton	1957	fulltext	Full View
a479303933789ab1-r		uc1.$b194284	The family scrapbook	1951	fulltext	Full View
a479303933789ab1-r		mdp.39015062207975	Industrial arts in general education	1954	fulltext	Full View
a479303933789ab1-r		mdp.39015031054391	Making inventions pay : a practical guide to selling, protecting, manufacturing, and marketing your inventions / by Joseph C. Keeley	1950	fulltext	Full View
a479303933789ab1-r		mdp.39015028110602	The family scrapbook	1951	fulltext	Full View
a479303933789ab1-r		mdp.49015001090274	Marketing policies / by Hugh E. Agnew and Dale Houghton	1951	fulltext	Full View
a479303933789ab1-r		uiuo.ark:/13960/t81k0g01f	Two miles north : a historical novel / Sponsored by the Women's Auxiliary of Decatur and Macon County Hospital	1958	fulltext	Full View
a479303933789ab1-r		wu.89046868360	How to control production costs. Foreword by Bruce Wallace	1953	fulltext	Full View
a479303933789ab1-r		mdp.49015001335018	Principles of real estate management	1957	fulltext	Full View
a479303933789ab1-r		uc1.$b89459	How to control production costs. Foreword by Bruce Wallace	1953	fulltext	Full View
a479303933789ab1-r		uc1.$b86961	How to control production costs	1953	fulltext	Full View
a479303933789ab1-r		osu.32437122536770	Administered prices. Hearings before the Subcommittee on Antitrust and Monopoly of the Committee on the Judiciary, United States Senate, Eighty-fifth Congress, 		fulltext	Full View
a479303933789ab1-r		uc1.b4404977	Here today ...	1959	fulltext	Full View
a479303933789ab1-r		uva.x004539127	Here today ...	1959	fulltext	Full View
a479303933789ab1-r		uc1.b3972992	Parent and child; studies in family behavior	1953	fulltext	Full View
a479303933789ab1-r		mdp.39015023109948	Essentials of industrial management	1959	fulltext	Full View
a479303933789ab1-r		nyp.33433109955090	Gas appliance merchandising, v. 26 (1954)	1954	fulltext	Full View
a479303933789ab1-r		osu.32435021631924	Baileya, v.17-18		fulltext	Full View
a479303933789ab1-r		uc1.$b231829	Library trends, v.7		fulltext	Full View
a479303933789ab1-r		mdp.39015024068119	Library trends, v.7 1958-1959	1959	fulltext	Full View
a479303933789ab1-r		mdp.39015024068135	Library trends, v.7 1958-1959	1959	fulltext	Full View
b26025e17b94bafb-r		pst.000023489691	The impact of discount superstores on small business and local communities : hearing before the Committee on Small Business, House of Representatives, One Hundr	1995	fulltext	Full View
b26025e17b94bafb-r		pur1.32754078649484	Ice in the Ozarks : the methamphetamine epidemic in Arkansas : hearing before the Subcommittee on Criminal Justice, Drug Policy and Human Resources of the Commi	2004	fulltext	Full View
b26025e17b94bafb-r		pst.000033207582	Supercenters : the emerging force in food retailing / Gene A. German, Gerard F. Hawkes, Debra J. Perosio	1993	fulltext	Full View
b26025e17b94bafb-r		pst.000066747901	Energy efficiency in buildings hearing before the Committee on Energy and Natural Resources, United States Senate, One Hundred Eleventh Congress, first session,	2009	fulltext	Full View
b26025e17b94bafb-r		pst.000058948408	Examining the impact of State mandates on employer provided health insurance : hearing before the Subcommittee on Employer-Employee Relations of the Committee o	2006	fulltext	Full View
b26025e17b94bafb-r		coo.31924092403850	A review of selected e-recruiting websites : disability accessibility considerations / William A. Erickson	2002	fulltext	Full View
b26025e17b94bafb-r		pst.000058938614	Freight logistics : the road ahead as seen by the users of the highway system : hearing before the Subcommittee on Highways, Transit, and Pipelines of the Commi	2007	fulltext	Full View
b26025e17b94bafb-r		pur1.32754066656566	Rental housing development and HOME : four case studies	1996	fulltext	Full View
b26025e17b94bafb-r		pst.000058792803	Hurricane Katrina : what can the government learn from the private sector's response? : hearing before the Committee on Homeland Security and Governmental Affai	2006	fulltext	Full View
b26025e17b94bafb-r		mdp.39015040659511	Rental housing development and HOME : four case studies	1996	fulltext	Full View
b26025e17b94bafb-r		uc1.31210024952333	Rental housing development and HOME : four case studies	1996	fulltext	Full View
b26025e17b94bafb-r		pur1.32754069572240	Threat to rural communities from methamphetamine production, trafficking, and use : hearing before the Subcommittee on Crime of the Committee on the Judiciary, 	2000	fulltext	Full View
b26025e17b94bafb-r		uc1.$b389883	The role of standards in the growth of global electronic commerce : hearing before the Subcommittee on Science, Technology, and Space of the Committee on Commer	2002	fulltext	Full View
b26025e17b94bafb-r		pur1.32754077096364	H.R. 1119, the Family Time Flexibility Act : hearing before the Subcommittee on Workforce Protections of the Committee on Education and the Workforce, House of 	2003	fulltext	Full View
b26025e17b94bafb-r		uc1.31175032267562	Data book, operating banks and branches, 1996 v.4	1996	fulltext	Full View
b26025e17b94bafb-r		pst.000058937358	ILC's--a review of charter, ownership, and supervision issues : hearing before the Subcommittee on Financial Institutions and Consumer Credit of the Committee o	2007	fulltext	Full View
b26025e17b94bafb-r		mdp.39015090417810	The role of the Extraterritorial Income Exclusion Act in the international competitiveness of U.S. companies : hearing before the Committee on Finance, United S	2002	fulltext	Full View
b26025e17b94bafb-r		pur1.32754077068793	DOD financial management : following one item through the maze : hearing before the Subcommittee on National Security, Veterans Affairs and International Relati	2003	fulltext	Full View
b26025e17b94bafb-r		ien.35556030088157	Northwest Arkansas Regional Airport, Replacement for Drake Field, City of Fayetteville : environmental impact statement, Fapp:v.2	1994	fulltext	Full View
b26025e17b94bafb-r		pur1.32754076925399	The role of the Extraterritorial Income Exclusion Act in the international competitiveness of U.S. companies : hearing before the Committee on Finance, United S	2002	fulltext	Full View
b26025e17b94bafb-r		ien.35556030088124	Northwest Arkansas Regional Airport, Replacement for Drake Field, City of Fayetteville : environmental impact statement, Dapp:v.2	1994	fulltext	Full View
b26025e17b94bafb-r		pst.000061493803	Energy efficiency of buildings : hearing before the Subcommittee on Energy of the Committee on Energy and Natural Resources, United States Senate, One Hundred T	2007	fulltext	Full View
b26025e17b94bafb-r		pst.000049658125	Employee and employer views on retirement security : hearing before the Subcommittee on Oversight of the Committee on Ways and Means, House of Representatives, 	2002	fulltext	Full View
b26025e17b94bafb-r		ien.35556030088140	Northwest Arkansas Regional Airport, Replacement for Drake Field, City of Fayetteville : environmental impact statement, Fapp:v.1	1994	fulltext	Full View
b26025e17b94bafb-r		pst.000049665642	Challenges and achievements of the Sacagawea golden dollar program : hearing before a subcommittee of the Committee on Appropriations, United States Senate, One	2002	fulltext	Full View
b26025e17b94bafb-r		uc1.c105179671	Get smart on the smart grid : how technology can revolutionize efficiency and renewable solutions : hearing before the Select Committee on Energy Independence a	2010	fulltext	Full View
b26025e17b94bafb-r		uc1.b5104797	Challenges and achievements of the Sacagawea golden dollar program : hearing before a subcommittee of the Committee on Appropriations, United States Senate, One	2002	fulltext	Full View
b26025e17b94bafb-r		mdp.39015085135906	Data book, operating banks and branches, 1996 no.4-5	1996	fulltext	Full View
b26025e17b94bafb-r		ien.35556030088108	Northwest Arkansas Regional Airport, Replacement for Drake Field, City of Fayetteville : environmental impact statement, D	1994	fulltext	Full View
b26025e17b94bafb-r		pst.000019268514	Consumer protection against price-fixing : hearing before the Subcommittee on Antitrust, Monopolies, and Business Rights of the Committee on the Judiciary, Unit	1992	fulltext	Full View
b26025e17b94bafb-r		uiug.30112105161902	Quartermaster professional bulletin, Summer 1996	1996	fulltext	Full View
b26025e17b94bafb-r		uc1.31822016780777	The impact of the North American Free Trade Agreement on Arkansas / prepared for the U.S. Council of the Mexico-U.S. Business Committee by the Trade Partnership	1992	fulltext	Full View
b26025e17b94bafb-r		ien.35556030096804	US-71 Transportation Improvements, from south of Bella Vista to Pineville (AR,MI) : environmental impact statement, D	1999	fulltext	Full View
b26025e17b94bafb-r		uc1.c045217971	Confirmation hearings on federal appointments : hearings before the Committee on the Judiciary, United States Senate, One Hundred Second Congress, first session	1993	fulltext	Full View
b26025e17b94bafb-r		umn.31951d021816099	Mandatory country of origin labeling : hearing before the Committee on Agriculture, House of Representatives, One Hundred Eighth Congress, first session, June 2	2003	fulltext	Full View
b26025e17b94bafb-r		pst.000023037168	Field hearing : roundtable discussion on the economy of southern Indiana : hearing before the Joint Economic Committee, Congress of the United States, One Hundr	1994	fulltext	Full View
b26025e17b94bafb-r		uc1.31175032267976	Data book, operating banks and branches, 1995 v.4	1995	fulltext	Full View
b26025e17b94bafb-r		umn.31951d03587256m	Oversight of the digital television transition : hearing before the Subcommittee on Communications, Technology, and the Internet of the Committee on Energy and 	2012	fulltext	Full View
b26025e17b94bafb-r		pur1.32754075292882	Confirmation hearings on federal appointments : hearings before the Committee on the Judiciary, United States Senate, One Hundred Second Congress, first session	1993	fulltext	Full View
b26025e17b94bafb-r		umn.31951d035364589	Energy efficiency technologies and programs : hearing before the Subcommittee on Science, Technology, and Innovation of the Committee on Commerce, Science, and 	2012	fulltext	Full View
b26025e17b94bafb-r		pst.000020337377	Confirmation hearings on federal appointments : hearings before the Committee on the Judiciary, United States Senate, One Hundred Second Congress, first session	1993	fulltext	Full View
b26025e17b94bafb-r		cub.u183048527371	China and the future of globalization : hearings before the U.S.-China Economic and Security Review Commission, One Hundred Ninth Congress, first session, May 1	2005	fulltext	Full View
b26025e17b94bafb-r		pur1.32754062805829	Removing regulatory barriers to affordable housing : how states and localities are moving ahead	1992	fulltext	Full View
b26025e17b94bafb-r		pst.000058948934	Climate change : understanding the degree of the problem : hearing before the Committee on Government Reform, House of Representatives, One Hundred Ninth Congre	2006	fulltext	Full View
b26025e17b94bafb-r		uiug.30112105189622	America 2000, 1992: no. 15 - 43	1992	fulltext	Full View
b26025e17b94bafb-r		ien.35556030088132	Northwest Arkansas Regional Airport, Replacement for Drake Field, City of Fayetteville : environmental impact statement, F	1994	fulltext	Full View
b26025e17b94bafb-r		mdp.39015029096867	Removing regulatory barriers to affordable housing : how states and localities are moving ahead	1992	fulltext	Full View
b26025e17b94bafb-r		umn.31951d021868830	China and the future of globalization : hearings before the U.S.-China Economic and Security Review Commission, One Hundred Ninth Congress, first session, May 1	2005	fulltext	Full View
b26025e17b94bafb-r		pur1.32754078878059	Uniformed Services Employment and Reemployment Rights Act : hearing before the Subcommittee on Benefits of the Committee on Veterans' Affairs, House of Represen	2005	fulltext	Full View
b26025e17b94bafb-r		ien.35556031858525	US-71 Transportation Improvements, from south of Bella Vista to Pineville (AR,MI) : environmental impact statement, F	1999	fulltext	Full View
b26025e17b94bafb-r		pst.000058949351	Violent and explicit video games : informing parents and protecting children : hearing before the Subcommittee on Commerce, Trade, and Consumer Protection of th	2006	fulltext	Full View
b26025e17b94bafb-r		mdp.39015040148077	By the sweat and toil of children : a report to the committees on appropriations, United States Congress / Bureau of International Labor Affairs, U.S. Departmen		fulltext	Full View
b26025e17b94bafb-r		uiug.30112105161787	Quartermaster professional bulletin, Spring 1993	1993	fulltext	Full View
b26025e17b94bafb-r		nyp.33433034332076	By the sweat and toil of children : a report to the committees on appropriations, United States Congress / Bureau of International Labor Affairs, U.S. Departmen		fulltext	Full View
b26025e17b94bafb-r		uiug.30112104434870	Reauthorization of U.S. child nutrition programs : opportunities to fight hunger and improve child health : hearing before the Committee on Agriculture, Nutriti	2011	fulltext	Full View
b26025e17b94bafb-r		nnc1.cu14300141	By the sweat and toil of children : the use of child labor in American imports : a report to the committees on appropriations, United States Congress / Bureau o	1994	fulltext	Full View
b26025e17b94bafb-r		pur1.32754071072098	By the sweat and toil of children : a report to the committees on appropriations, United States Congress / Bureau of International Labor Affairs, U.S. Departmen		fulltext	Full View
b26025e17b94bafb-r		uiug.30112105161688	Quartermaster professional bulletin, Autumn 1990	1990	fulltext	Full View
b26025e17b94bafb-r		umn.319510030892800	Rural economic development and communication technology : hearing before the Joint Economic Committee, Congress of the United States, One Hundred Second Congres	1991	fulltext	Full View
b26025e17b94bafb-r		umn.31951d00923283z	Safety news / from the U.S. Consumer Product Safety Commission, 1993:Feb.	1993	fulltext	Full View
b26025e17b94bafb-r		uiug.30112105161878	Quartermaster professional bulletin, Autumn 1995	1995	fulltext	Full View
b26025e17b94bafb-r		pst.000048686594	Cybershopping and sales tax : finding the right mix : hearing before the Committee on Finance, United States Senate, One Hundred Seventh Congress, first session	2001	fulltext	Full View
b26025e17b94bafb-r		umn.31951d03769540d	The role of certification in rewarding sustainable fishing : hearing before the Subcommittee on Oceans, Atmosphere, Fisheries, and Coast Guard of the Committee 	2014	fulltext	Full View
b26025e17b94bafb-r		uc1.b5149688	Cybershopping and sales tax : finding the right mix : hearing before the Committee on Finance, United States Senate, One Hundred Seventh Congress, first session	2001	fulltext	Full View
b26025e17b94bafb-r		wu.89098412489	Official gazette of the United States Patent and Trademark Office. Trademarks, v.1323:no.3/bk.1 2007:Oct. 16	2007	fulltext	Full View
b26025e17b94bafb-r		mdp.39015085135955	Data book, operating banks and branches, 1995 no.3-4	1995	fulltext	Full View
b26025e17b94bafb-r		uc1.31210011091152	H.R. 1818, the Family Medical Savings and Investment Act : hearing before the Subcommittee on Health of the Committee on Ways and Means, House of Representative	1997	fulltext	Full View
b26025e17b94bafb-r		coo.31924092626336	Daily labor report, no.210-229 2005:Nov.	2005	fulltext	Full View
b26025e17b94bafb-r		pst.000031667593	H.R. 1818, the Family Medical Savings and Investment Act : hearing before the Subcommittee on Health of the Committee on Ways and Means, House of Representative	1997	fulltext	Full View
b26025e17b94bafb-r		uc1.31210018020717	Congressional record : proceedings and debates of the ... Congress, V.138 PT.7		fulltext	Full View
b26025e17b94bafb-r		pst.000046297488	Slotting : fair for small business and consumers? : hearing before the Committee on Small Business, United States Senate, One Hundred Sixth Congress, first sess	2000	fulltext	Full View
b26025e17b94bafb-r		osu.32435074705674	Quartermaster professional bulletin, 1996 1996	1996	fulltext	Full View
b26025e17b94bafb-r		uc1.31822029073517	Slotting : fair for small business and consumers? : hearing before the Committee on Small Business, United States Senate, One Hundred Sixth Congress, first sess	2000	fulltext	Full View
b26025e17b94bafb-r		coo.31924112270222	Daily labor report, no.126-147 2008:July	2008	fulltext	Full View
b26025e17b94bafb-r		uc1.l0087081204	Giannini Foundation monograph, no.45 yr.2002	2002	fulltext	Full View
b26025e17b94bafb-r		pur1.32754075294904	Organized retail theft : conduit of money laundering : hearing before the Subcommittee on Criminal Justice, Drug Policy and Human Resources of the Committee on 	2004	fulltext	Full View
b26025e17b94bafb-r		ien.35556033429457	Springdale Northern Bypass, U.S. Highway 412, Washington and Benton counties : environmental impact statement, D	2005	fulltext	Full View
b26025e17b94bafb-r		uc1.c072583193	The Postal bulletin, no.21995 (Apr 8, 1999)	1999	fulltext	Full View
b26025e17b94bafb-r		nnc1.cu14220342	Quartermaster professional bulletin, 1996	1996	fulltext	Full View
b26025e17b94bafb-r		uiug.30112048250234	Retail consolidation and produce buying practices : a summary of the evidence and potential industry and policy responses / Richard J. Sexton, Timothy J. Richar	2002	fulltext	Full View
b26025e17b94bafb-r		osu.32435074459892	Annual report to Congress / United States Consumer Product Safety Commission, 2002 2002	2002	fulltext	Full View
b26025e17b94bafb-r		mdp.39015056190914	Retail consolidation and produce buying practices : a summary of the evidence and potential industry and policy responses / Richard J. Sexton, Timothy J. Richar	2002	fulltext	Full View
b26025e17b94bafb-r		pst.000049646221	Confirmation hearing on the nomination of Asa Hutchinson to be Administrator of the Drug Enforcement Administration : hearing before the Committee on the Judici	2002	fulltext	Full View
b26025e17b94bafb-r		uiug.30112074550564	FCC record : a comprehensive compilation of decisions, reports, public notices, and other documents of the Federal Communications Commission of the United State	2008	fulltext	Full View
b26025e17b94bafb-r		osu.32435080084700	FCC record : a comprehensive compilation of decisions, reports, public notices, and other documents of the Federal Communications Commission of the United State	2008	fulltext	Full View
b26025e17b94bafb-r		coo.31924082833793	Daily labor report, no.62-82 2005:April	2005	fulltext	Full View
b26025e17b94bafb-r		uiug.30112075730876	FCC record : a comprehensive compilation of decisions, reports, public notices, and other documents of the Federal Communications Commission of the United State		fulltext	Full View
b26025e17b94bafb-r		cub.u183048403789	FCC record : a comprehensive compilation of decisions, reports, public notices, and other documents of the Federal Communications Commission of the United State	2008	fulltext	Full View
b26025e17b94bafb-r		mdp.39015081498084	FCC record : a comprehensive compilation of decisions, reports, public notices and other documents of the Federal Communications Commission of the United States	2008	fulltext	Full View
b26025e17b94bafb-r		uc1.c094085471	FCC record : a comprehensive compilation of decisions, reports, public notices, and other documents of the Federal Communications Commission of the United State	2008	fulltext	Full View
b26025e17b94bafb-r		osu.32437122991934	FCC record : a comprehensive compilation of decisions, reports, public notices, and other documents of the Federal Communications Commission of the United State		fulltext	Full View
b26025e17b94bafb-r		pur1.32754075579148	Data mining : current applications and future possibilities : hearing before the Subcommittee on Technology, Information Policy, Intergovernmental Relations and	2003	fulltext	Full View
b26025e17b94bafb-r		coo.31924108121173	Concurrent resolution on the budget for fiscal year ... : hearings before the Committee on the Budget, United States Senate, 2007/08:v.2	2008	fulltext	Full View
b26025e17b94bafb-r		mdp.39015085444316	Concurrent Resolution on the Budget for Fiscal Year 2008, S. Hrg. 110-162, Vol. 2, February 1, 2007..., 110-1 Hearings, *	2008	fulltext	Full View
b26025e17b94bafb-r		coo.31924112258151	Daily labor report, no.231-249 2007:Dec.	2007	fulltext	Full View
b26025e17b94bafb-r		pst.000063092172	Concurrent resolution on the budget for fiscal year 2008 : hearings before the Committee on the Budget, United States Senate, One Hundred Tenth Congress, first 	2007	fulltext	Full View
b26025e17b94bafb-r		pur1.32754075503544	Concurrent resolution on the budget for fiscal year 2008 : hearings before the Committee on the Budget, United States Senate, One Hundred Tenth Congress, first 	2007	fulltext	Full View
b26025e17b94bafb-r		wu.89078535051	Official gazette of the United States Patent and Trademark Office. Trademarks, v.1283:no.1 2004:June1	2004	fulltext	Full View
b26025e17b94bafb-r		uc1.c102748188	Concurrent resolution on the budget for fiscal year 2008 : hearings before the Committee on the Budget, United States Senate, One Hundred Tenth Congress, first 	2007	fulltext	Full View
b26025e17b94bafb-r		pst.000066194637	Official gazette of the United States Patent and Trademark Office. Trademarks, v.1283 no.1 2004	2004	fulltext	Full View
cec8b0d7cadf3390-r		uc1.31210018020717	Congressional record : proceedings and debates of the ... Congress, V.138 PT.7		fulltext	Full View
cec8b0d7cadf3390-r		osu.32435059231126	A freshman miscellany, edited by Karl J. Holzknecht	1929	fulltext	Full View
cec8b0d7cadf3390-r		mdp.39015039642064	Catalog of copyright entries, Ser.3 pt.5 v.11 no.2 1957 Jul-Dec Music	1957	fulltext	Full View
cec8b0d7cadf3390-r		uiug.30112003968838	Catalog of copyright entries, third series. Part 6, Maps and atlases, 1957:5:2	1957	fulltext	Full View
cec8b0d7cadf3390-r		mdp.39015087530377	Weekly compilation of Presidential documents, v.28 1992 p.317-705	1992	fulltext	Full View
cec8b0d7cadf3390-r		mdp.39015036803644	Catalog of copyright entries, ser.3 v.2 pt.5 no.2 1957 Jul-Dec	1957	fulltext	Full View
cec8b0d7cadf3390-r		mdp.39015074861991	The continuity of poetic language; studies in English poetry from the 1540's to the 1940's.	1951	fulltext	Full View
cec8b0d7cadf3390-r		uc1.31210012156640	Weekly compilation of Presidential documents, 28/1-13	2009	fulltext	Full View
cec8b0d7cadf3390-r		uc1.31175016766555	Weekly compilation of Presidential documents, v.28:1-13	2009	fulltext	Full View
cec8b0d7cadf3390-r		mdp.39015020937267	Postal rates ..., v.2	1926	fulltext	Full View
cec8b0d7cadf3390-r		mdp.39015024176532	Dictionary catalog of the music collection, v.33		fulltext	Full View
cec8b0d7cadf3390-r		mdp.39015080049037	Merchandising week, v.42 1929	1929	fulltext	Full View
cec8b0d7cadf3390-r		pst.000018647273	Notices of judgment under the Federal Food, Drug, and Cosmetic Act. Drugs and devices, no.4001-5660		fulltext	Full View
cec8b0d7cadf3390-r		uva.x001726662	The modal personality structure of the Tuscarora Indians as revealed by the Rorschach test	1952	fulltext	Full View
cec8b0d7cadf3390-r		osu.32435061965042	Air force magazine, v.26 1943	1943	fulltext	Full View
cec8b0d7cadf3390-r		uc1.$c241543	Air Force; the Official Service Journal of the U.S. Army Air Forces, v.26 1943	1943	fulltext	Full View
cec8b0d7cadf3390-r		coo.31924070639541	Weekly compilation of Presidential documents, v.28 1992:Jan.-Apr.	1992	fulltext	Full View
cec8b0d7cadf3390-r		uc1.c040645082	Weekly compilation of Presidential documents, v.28:1-13 (Jan-Mar 1992)	1992	fulltext	Full View
cec8b0d7cadf3390-r		coo.31924094316266	Western farmer, v.6 1928/29	1929	fulltext	Full View
cec8b0d7cadf3390-r		uiug.30112004528193	Weekly compilation of Presidential documents, v.28:1-13 Ja-Mr(1992)	1992	fulltext	Full View
cec8b0d7cadf3390-r		uiug.30112057660463	Credit craft, v.20-21(1928-1930)	1930	fulltext	Full View
cec8b0d7cadf3390-r		osu.32437000674818	Weekly compilation of Presidential documents, v.28jan.-mar.	2009	fulltext	Full View
cec8b0d7cadf3390-r		mdp.39015074606669	Journal, 2001 pp.649-1168	2001	fulltext	Full View
cec8b0d7cadf3390-r		uva.x002072283	Weekly compilation of Presidential documents, v.28:no.1-13 (1992)	1992	fulltext	Full View
cec8b0d7cadf3390-r		osu.32435024424665	Weekly compilation of Presidential documents, V28NO1-13	2009	fulltext	Full View
cec8b0d7cadf3390-r		nnc1.cu14265680	Weekly compilation of Presidential documents, v.28:no.1-13 (1992)	1992	fulltext	Full View
cec8b0d7cadf3390-r		uc1.c041550013	Public papers of the presidents of the United States, 1992/93:1	1993	fulltext	Full View
cec8b0d7cadf3390-r		osu.32437000790358	Public papers of the presidents of the United States, 1992-1993v.1	1992	fulltext	Full View
cec8b0d7cadf3390-r		mdp.39015039642106	Catalog of copyright entries, Ser.3 pt.5 v.13 no.2 1959 Jul-Dec Music	1959	fulltext	Full View
cec8b0d7cadf3390-r		hvd.32044121176663	Public papers of the presidents of the United States, 1992-93: vol.1: Bush	1993	fulltext	Full View
cec8b0d7cadf3390-r		uiug.30112100648424	Catalog of copyright entries, third series. Part 6, Maps and atlases, 1959:5:2	1959	fulltext	Full View
cec8b0d7cadf3390-r		uiug.30112005184640	Public papers of the presidents of the United States, v.1		fulltext	Full View
cec8b0d7cadf3390-r		mdp.39015086697318	Northwestern druggist. A progressive journal for retail druggists, v.34 1926	1926	fulltext	Full View
cec8b0d7cadf3390-r		osu.32435030026553	Public papers of the presidents of the United States, 1992-1993PT1	1992	fulltext	Full View
cec8b0d7cadf3390-r		uc1.31210012956924	Public papers of the presidents of the United States, 992-93/bk.1		fulltext	Full View
cec8b0d7cadf3390-r		coo.31924089854750	The Northwestern miller, v.153 1928	1928	fulltext	Full View
cec8b0d7cadf3390-r		nyp.33433090368675	Public papers of the Presidents of the United States, George Bush, Bk. 1 (1992/93)	1993	fulltext	Full View
cec8b0d7cadf3390-r		wu.89062146972	The catering industry employee : official journal of the Hotel and Restaurant Employees' International Alliance and Bartenders' International League of America,	1943	fulltext	Full View
cec8b0d7cadf3390-r		miua.4733026.1992.001	George Bush 1992-93 (in two books)., v.1 1992-1993	1993	fulltext	Full View
cec8b0d7cadf3390-r		uc1.b5130255	Weekly compilation of Presidential documents, v.28:1 (1992)	1992	fulltext	Full View
cec8b0d7cadf3390-r		uc1.31210027025053	Decisions and orders of the National Labor Relations Board, 204		fulltext	Full View
cec8b0d7cadf3390-r		coo.31924054596204	Decisions and orders of the National Labor Relations Board, v.204		fulltext	Full View
cec8b0d7cadf3390-r		umn.31951003040563l	To examine the future of our nation's infrastructure needs : hearings before the Committee on Public Works and Transportation, House of Representatives, One Hun	1991	fulltext	Full View
cec8b0d7cadf3390-r		ien.35559002018616	Decisions and orders of the National Labor Relations Board, v.204 1973:June 6-July 23	1973	fulltext	Full View
cec8b0d7cadf3390-r		uc1.31175024531926	Decisions and orders of the National Labor Relations Board, v.204		fulltext	Full View
cec8b0d7cadf3390-r		mdp.39015074886477	Decisions and orders of the National Labor Relations Board, v.204		fulltext	Full View
cec8b0d7cadf3390-r		osu.32437000752747	Decisions and orders of the National Labor Relations Board, V204		fulltext	Full View
cec8b0d7cadf3390-r		uiug.30112119812979	Decisions and orders of the National Labor Relations Board, v.204(1974)	1974	fulltext	Full View
cec8b0d7cadf3390-r		coo.31924112757426	Decisions and orders of the National Labor Relations Board, v.204 1963	1963	fulltext	Full View
cec8b0d7cadf3390-r		osu.32435057151888	Decisions and orders of the National Labor Relations Board, V204 1973	1973	fulltext	Full View
cec8b0d7cadf3390-r		uc1.31210018020725	Congressional record : proceedings and debates of the ... Congress, V.138 PT.8		fulltext	Full View
cec8b0d7cadf3390-r		mdp.39015080321311	American lumberman, 1926 pt.1	1926	fulltext	Full View
cec8b0d7cadf3390-r		mdp.35112104243904	Hearings, Cong. 80 sess. 1/2 Economic Report 1947/1948	1948	fulltext	Full View
cec8b0d7cadf3390-r		ucbk.ark:/28722/h2c24qp88	The daily news, June 16-July 5, 1927 (reel 88)	1927	fulltext	Full View
cec8b0d7cadf3390-r		coo.31924069226821	Billboard, v.42 1930:Apr.-June	1930	fulltext	Full View
cec8b0d7cadf3390-r		uc1.31210019149648	Congressional record : proceedings and debates of the ... Congress, V.143 PT.15		fulltext	Full View
cec8b0d7cadf3390-r		uc1.31175023845392	Congressional record : proceedings and debates of the ... Congress, v.124:9		fulltext	Full View
cec8b0d7cadf3390-r		uiug.30112100542387	The Columbian, v.53(1925)	1925	fulltext	Full View
cec8b0d7cadf3390-r		uc1.31210023929381	Congressional record : proceedings and debates of the ... Congress, V.124 PT.9		fulltext	Full View
ff36f02bd773af0c-r		mdp.39015010031741	DHHS publication no. (PHS)., no.82-50180 ((PHS)		fulltext	Full View
ff36f02bd773af0c-r		mdp.35128000996536	Shark repellents and stock prices : the effects of antitakeover amendments since 1980 : a study / by the Office of the Chief Economist, Securities and Exchange 	1985	fulltext	Full View
ff36f02bd773af0c-r		hvd.hxj4kt	Charter and bye-laws of the New York Dispensary : instituted in 1790	1805	fulltext	Full View
ff36f02bd773af0c-r		uc1.31210013198922	HMO focus / U.S. Department of Health, Education, and Welfare, Public Health Service, Office of Health Maintenance Organizations, 4/4	1981	fulltext	Full View
ff36f02bd773af0c-r		pur1.32754075976369	The Physicians Health Plan of Minnesota : a case study of utilization controls in an IPA / prepared under contract no. 324804 by the staff of Physicians Health 	1980	fulltext	Full View
ff36f02bd773af0c-r		osu.32435056054364	Official list of section 13(f) securities, 1994no.2 1994	1994	fulltext	Full View
ff36f02bd773af0c-r		osu.32435030832497	Official list of section 13(f) securities, 1981NO4		fulltext	Full View
ff36f02bd773af0c-r		pur1.32754076920457	Efforts to combat fraud and abuse in the insurance industry : hearings before the Permanent Subcommittee on Investigations of the Committee on Governmental Affa		fulltext	Full View
ff36f02bd773af0c-r		uc1.32106016148907	Statistical bulletin - Securities and Exchange Commission, v.32:45 1973	1973	fulltext	Full View
ff36f02bd773af0c-r		pst.000018818796	Efforts to combat fraud and abuse in the insurance industry : hearing before the Permanent Subcommittee on Investigations of the Committee on Governmental Affai		fulltext	Full View
ff36f02bd773af0c-r		uc1.32106016148840	Statistical bulletin - Securities and Exchange Commission, v.32:39 1973	1973	fulltext	Full View
ff36f02bd773af0c-r		uc1.aa0006883375	Efforts to combat fraud and abuse in the insurance industry : hearings before the Permanent Subcommittee on Investigations of the Committee on Governmental Affa		fulltext	Full View
ff36f02bd773af0c-r		uc1.31822008506305	The 1983 investor's guide to health maintenance organizations / U.S. Department of Health and Human Services, Office of Health Maintenance Organizations ; Touch	1983	fulltext	Full View
ff36f02bd773af0c-r		uc1.31210014943789	Efforts to combat fraud and abuse in the insurance industry : hearings before the Permanent Subcommittee on Investigations of the Committee on Governmental Affa		fulltext	Full View
ff36f02bd773af0c-r		uc1.32106016148808	Statistical bulletin - Securities and Exchange Commission, v.32:35 1973	1973	fulltext	Full View
ff36f02bd773af0c-r		uc1.b5139754	Efforts to combat fraud and abuse in the insurance industry : hearings before the Permanent Subcommittee on Investigations of the Committee on Governmental Affa		fulltext	Full View
ff36f02bd773af0c-r		uc1.32106016148790	Statistical bulletin - Securities and Exchange Commission, v.32:34 1973	1973	fulltext	Full View
ff36f02bd773af0c-r		mdp.39015071422177	Festskrift vid Illinois Skandinaviska storloge I.O.G.T. : Tjugoårs-jubileum / utgiven av Jubileumskommitteen	1927	fulltext	Full View
ff36f02bd773af0c-r		uc1.31210003237136	HMO focus / U.S. Department of Health, Education, and Welfare, Public Health Service, Office of Health Maintenance Organizations, 4/2	1981	fulltext	Full View
ff36f02bd773af0c-r		rul.33008005055623	Investor's guide to health maintenance organizations / Touche Ross &amp; Co.	1982	fulltext	Full View
ff36f02bd773af0c-r		osu.32435030832489	Official list of section 13(f) securities, 1981NO3		fulltext	Full View
ff36f02bd773af0c-r		osu.32435030832505	Official list of section 13(f) securities, 1980NO3		fulltext	Full View
ff36f02bd773af0c-r		coo.31924064595923	Statistical bulletin - Securities and Exchange Commission, v.32 1973:July-Dec.	1973	fulltext	Full View
ff36f02bd773af0c-r		osu.32435051816825	Official list of section 13(f) securities, 1979NO1 1979	1979	fulltext	Full View
ff36f02bd773af0c-r		osu.32435056072283	Statistical bulletin - Securities and Exchange Commission, V32JUL-DEC 1973	1973	fulltext	Full View
ff36f02bd773af0c-r		mdp.39015069627720	Medicare end-stage renal disease program amendments hearing before the Subcommittee on Health of the Committee on Ways and Means, House of Representatives, Nine	1977	fulltext	Full View
ff36f02bd773af0c-r		mdp.39015008917943	Sketch of the history of Glasgow	1847	fulltext	Full View
ff36f02bd773af0c-r		uc1.31158006266307	Official summary of security transactions and holdings, v.44 pt.4	2000	fulltext	Full View
ff36f02bd773af0c-r		uiug.30112105073487	Official summary of security transactions and holdings, v.53:1-3 D11-Mr10(1986-1987)	1987	fulltext	Full View
ff36f02bd773af0c-r		pur1.32754077530826	Medicare end-stage renal disease program amendments hearing before the Subcommittee on Health of the Committee on Ways and Means, House of Representatives, Nine	1977	fulltext	Full View
ff36f02bd773af0c-r		uc1.b4391485	Official summary of security transactions and holdings, v.54:1 (1987-88)	1988	fulltext	Full View
ff36f02bd773af0c-r		uc1.b4391482	Official summary of security transactions and holdings, v.53:10 (1987)	1987	fulltext	Full View
ff36f02bd773af0c-r		coo.31924064616794	Official summary of security transactions and holdings, v.42 1976:June11-Sept.10	1976	fulltext	Full View
ff36f02bd773af0c-r		uiug.30112070699936	Statistical bulletin - Securities and Exchange Commission, v.1	1980	fulltext	Full View
ff36f02bd773af0c-r		cub.p108091902005	Official summary of security transactions and holdings, v.42 no.7-9 1976	1976	fulltext	Full View
ff36f02bd773af0c-r		cub.p108091902003	Official summary of security transactions and holdings, v.42 no.10-12 1976	1976	fulltext	Full View
ff36f02bd773af0c-r		mdp.39015062978377	SEC monthly statistical review, v.32 1973 Jul-Dec	1973	fulltext	Full View
ff36f02bd773af0c-r		nyp.33433074873468	Esther West; a story	1870	fulltext	Full View
ff36f02bd773af0c-r		msu.31293201272402	Statistical bulletin - Securities and Exchange Commission, July-Dec. 1973	1973	fulltext	Full View
ff36f02bd773af0c-r		hvd.hnn73b	Den Norske Krigsskoles historie : I ældre tider / udarbeidet efter offentligt opdrag som festskrift I anledning af Krigsskolens 150-aars jubilæum 16. dcbr. 1900	1900	fulltext	Full View
ff36f02bd773af0c-r		umn.31951p00336719x	Efforts to combat fraud and abuse in the insurance industry : hearings before the Permanent Subcommittee on Investigations of the Committee on Governmental Affa		fulltext	Full View
ff36f02bd773af0c-r		uiug.30112064022020	Official summary of security transactions and holdings, v.43:7-9	2000	fulltext	Full View
ff36f02bd773af0c-r		uiug.30112064022012	Official summary of security transactions and holdings, v.42:10-12	2000	fulltext	Full View
ff36f02bd773af0c-r		uiug.30112064022061	Official summary of security transactions and holdings, v.42:7-9	2000	fulltext	Full View
ff36f02bd773af0c-r		uiug.30112059890969	Official summary of security transactions and holdings, v.44:10-12	2000	fulltext	Full View
ff36f02bd773af0c-r		osu.32435022720304	Official summary of security transactions and holdings, V48NO3-4	2000	fulltext	Full View
ff36f02bd773af0c-r		coo.31924064616752	Official summary of security transactions and holdings, v.43 1977:June13-Sept.12	1977	fulltext	Full View
ff36f02bd773af0c-r		coo.31924064617784	Official summary of security transactions and holdings, v.41 1975:Sept.11-Dec.10	1975	fulltext	Full View
ff36f02bd773af0c-r		cub.u183029127489	Official summary of security transactions and holdings, v.50 no.7 1984	1984	fulltext	Full View
ff36f02bd773af0c-r		cub.p108111208004	Official summary of security transactions and holdings, v.40 no.10-12 1974	1974	fulltext	Full View
ff36f02bd773af0c-r		uiug.30112064022251	Official summary of security transactions and holdings, v.40:11-12	2000	fulltext	Full View
ff36f02bd773af0c-r		cub.p108111209004	Official summary of security transactions and holdings, v.41 no.10-12 1975	1975	fulltext	Full View
ff36f02bd773af0c-r		msu.31293022182749	Official summary of security transactions and holdings, v.54 no.1-2 1987-1988	1988	fulltext	Full View
ff36f02bd773af0c-r		uc1.31175029873752	Official summary of security transactions and holdings, v.40:4-6	2000	fulltext	Full View
ff36f02bd773af0c-r		msu.31293023977105	Official summary of security transactions and holdings, v.50 no.7-8 1984	1984	fulltext	Full View
ff36f02bd773af0c-r		uc1.31175029873893	Official summary of security transactions and holdings, v.48:1-3	2000	fulltext	Full View
ff36f02bd773af0c-r		cub.u183029126970	Official summary of security transactions and holdings, v.53 no.7-8 1987	1987	fulltext	Full View
ff36f02bd773af0c-r		uc1.31175029874057	Official summary of security transactions and holdings, v.41:9-12	2000	fulltext	Full View
ff36f02bd773af0c-r		mdp.39015062974335	Official summary of security transactions and holdings, v.42 no.10-12 1976	1976	fulltext	Full View
ff36f02bd773af0c-r		uc1.31175029874123	Official summary of security transactions and holdings, v.45:9-12	2000	fulltext	Full View
ff36f02bd773af0c-r		mdp.39015062974368	Official summary of security transactions and holdings, v.43 no.7-9 1977	1977	fulltext	Full View
ff36f02bd773af0c-r		mdp.39015062974327	Official summary of security transactions and holdings, v.42 no.7-9 1976	1976	fulltext	Full View
ff36f02bd773af0c-r		cub.p108091902006	Official summary of security transactions and holdings, v.43 no.7-9 1977	1977	fulltext	Full View
ff36f02bd773af0c-r		cub.p108091906005	Official summary of security transactions and holdings, v.44 no.10-12 1978	1978	fulltext	Full View
ff36f02bd773af0c-r		osu.32435022720437	Official summary of security transactions and holdings, V46NO5-6	2000	fulltext	Full View
ff36f02bd773af0c-r		osu.32435022720452	Official summary of security transactions and holdings, V46NO9-10	2000	fulltext	Full View
ff36f02bd773af0c-r		osu.32435022720056	Official summary of security transactions and holdings, V52NO1-2	2000	fulltext	Full View
ff36f02bd773af0c-r		osu.32435022720403	Official summary of security transactions and holdings, V47NO9-10	2000	fulltext	Full View
ff36f02bd773af0c-r		osu.32435022720460	Official summary of security transactions and holdings, V46NO11-12	2000	fulltext	Full View
ff36f02bd773af0c-r		uc1.31175029874297	Official summary of security transactions and holdings, v.42:10-12	2000	fulltext	Full View
ff36f02bd773af0c-r		osu.32435022720023	Official summary of security transactions and holdings, V53NO7-8	2000	fulltext	Full View
ff36f02bd773af0c-r		uc1.31175029874230	Official summary of security transactions and holdings, v.42:7-9	2000	fulltext	Full View
ff36f02bd773af0c-r		osu.32435022720320	Official summary of security transactions and holdings, V48NO9-10	2000	fulltext	Full View
ff36f02bd773af0c-r		osu.32435022719934	Official summary of security transactions and holdings, V54NO1-2	2000	fulltext	Full View
ff36f02bd773af0c-r		osu.32435022720346	Official summary of security transactions and holdings, V48NO11-12	2000	fulltext	Full View
ff36f02bd773af0c-r		cub.p108091901004	Official summary of security transactions and holdings, v.40 no.5-6 1974	1974	fulltext	Full View
ff36f02bd773af0c-r		uiug.30112105073586	Official summary of security transactions and holdings, v.50:10-12 S11-D10(1984)	1984	fulltext	Full View
ff36f02bd773af0c-r		wu.89065974966	Svenskarne i Texas i ord och bild, 1838-1918, redigeradt och utarbestadt af dr. Alf. L. Scott, pastor T. J. Westerberg; granskadt och öfversedt af red. J. M. O	1919	fulltext	Full View
ff36f02bd773af0c-r		pst.000011981053	Corporate takeovers : hearings before the Subcommittee on Telecommunications, Consumer Protection, and Finance of the Committee on Energy and Commerce, House of	1986	fulltext	Full View
ff36f02bd773af0c-r		cub.u183029127413	Official summary of security transactions and holdings, v.40 no.3-4 1974	1974	fulltext	Full View
ff36f02bd773af0c-r		uc1.b4391471	Official summary of security transactions and holdings, v.52:11 (1986)	1986	fulltext	Full View
ff36f02bd773af0c-r		uc1.b4391480	Official summary of security transactions and holdings, v.53:8 (1987)	1987	fulltext	Full View
ff36f02bd773af0c-r		uc1.b4391479	Official summary of security transactions and holdings, v.53:7 (1987)	1987	fulltext	Full View
ff36f02bd773af0c-r		osu.32435052724556	Official list of section 13(f) securities, 1993NO4 1993	1993	fulltext	Full View
ff36f02bd773af0c-r		osu.32435022720221	Official summary of security transactions and holdings, V50NO11-12	2000	fulltext	Full View
ff36f02bd773af0c-r		osu.32435052734167	Official list of section 13(f) securities, 1994NO1 1994	1994	fulltext	Full View
ff36f02bd773af0c-r		osu.32435022720205	Official summary of security transactions and holdings, V50NO7-8	2000	fulltext	Full View
ff36f02bd773af0c-r		uiug.30112059890993	Official summary of security transactions and holdings, v.41:10-12	2000	fulltext	Full View
ff36f02bd773af0c-r		uiug.30112059890936	Official summary of security transactions and holdings, v.45:10-11	2000	fulltext	Full View
ff36f02bd773af0c-r		uc1.31205019957263	Official summary of security transactions and holdings, 45/5	2000	fulltext	Full View
ff36f02bd773af0c-r		osu.32435022720288	Official summary of security transactions and holdings, V49NO9-10	2000	fulltext	Full View
ff36f02bd773af0c-r		uc1.31205019957008	Official summary of security transactions and holdings, 46/6	2000	fulltext	Full View
ff36f02bd773af0c-r		osu.32435022720213	Official summary of security transactions and holdings, V50NO9-10	2000	fulltext	Full View
ff36f02bd773af0c-r		uc1.31205019957545	Official summary of security transactions and holdings, 52/2	2000	fulltext	Full View
ff36f02bd773af0c-r		uva.x001819205	Statistical bulletin - Securities and Exchange Commission, v.33,nos.1-17,1974	1974	fulltext	Full View
ff36f02bd773af0c-r		mdp.39015062974558	Official summary of security transactions and holdings, v.40 no.10-12 1974	1974	fulltext	Full View
ff36f02bd773af0c-r		mdp.39015062974517	Official summary of security transactions and holdings, v.39 1973 Oct-Nov	1973	fulltext	Full View
ff36f02bd773af0c-r		msu.31293022182640	Official summary of security transactions and holdings, v.52 no.1-2 1985-1986	1986	fulltext	Full View
ff36f02bd773af0c-r		msu.31293022182558	Official summary of security transactions and holdings, v.50 no.11-12 1984	1984	fulltext	Full View
ff36f02bd773af0c-r		mdp.39015085103136	Official summary of security transactions and holdings, v.53 no.1-3 1986-1987	1987	fulltext	Full View
