2026-09-25T06:49:16Z	200	341	https://archive.org/advancedsearch.php?q=collection%3A%28%22pub_chain-store-age%22%29%20AND%20mediatype%3A%28texts%29&fl[]=identifier&fl[]=title&fl[]=date&fl[]=mediatype&rows=25&page=1&sort[]=date+asc&output=json	SEARCH A01_CSA_collection | ct=application/json CL=
2026-09-25T06:49:35Z	200	22745	https://archive.org/metadata/pub_chain-store-age	METADATA pub_chain-store-age | ct=application/json CL=
2026-09-25T06:49:40Z	200	799	https://archive.org/advancedsearch.php?q=identifier%3A%28chain-store-age%2A%29&fl[]=identifier&fl[]=title&fl[]=date&fl[]=mediatype&fl[]=collection&rows=100&page=1&sort[]=date+asc&output=json	SEARCH A02_identifier_prefix | ct=application/json CL=
2026-09-25T06:49:43Z	200	2193	https://archive.org/advancedsearch.php?q=title%3A%28%22discount%20store%20news%22%29&fl[]=identifier&fl[]=title&fl[]=date&fl[]=mediatype&rows=60&page=1&sort[]=date+asc&output=json	SEARCH A03_dsn | ct=application/json CL=
2026-09-25T06:49:47Z	200	294	https://archive.org/advancedsearch.php?q=title%3A%28%22discount%20merchandising%22%29&fl[]=identifier&fl[]=title&fl[]=date&fl[]=mediatype&rows=60&page=1&sort[]=date+asc&output=json	SEARCH A04_disc_merch | ct=application/json CL=
2026-09-25T06:50:16Z	200	329	https://archive.org/advancedsearch.php?q=collection%3A%22pub_chain-store-age%22%20AND%20mediatype%3A%28texts%29&fl[]=identifier&fl[]=title&fl[]=date&rows=30&page=1&sort[]=date+asc&output=json	SEARCH A05_coll_unquoted | ct=application/json CL=
2026-09-25T06:50:19Z	200	288	https://archive.org/advancedsearch.php?q=collection%3A%28pub_chain%2A%29%20AND%20mediatype%3A%28texts%29&fl[]=identifier&fl[]=title&fl[]=date&rows=30&page=1&sort[]=date+asc&output=json	SEARCH A06_coll_prefix | ct=application/json CL=
2026-09-25T06:50:23Z	200	1872	https://archive.org/details/pub_chain-store-age	HTML collection page pub_chain-store-age | ct=text/html; charset=UTF-8 CL=
2026-09-25T06:51:07Z	200	9040	https://archive.org/advancedsearch.php?q=title%3A%28%22business%20week%22%29%20AND%20YEAR%3A%5B1962%20TO%201976%5D&fl[]=identifier&fl[]=title&fl[]=date&fl[]=mediatype&fl[]=collection&rows=40&page=1&sort[]=date+asc&output=json	SEARCH A08_bweek_phrase | ct=application/json CL=
2026-09-25T06:51:11Z	200	310	https://archive.org/advancedsearch.php?q=title%3A%28businessweek%29%20AND%20YEAR%3A%5B1962%20TO%201976%5D&fl[]=identifier&fl[]=title&fl[]=date&fl[]=mediatype&fl[]=collection&rows=40&page=1&sort[]=date+asc&output=json	SEARCH A09_bweek_one | ct=application/json CL=
2026-09-25T06:51:15Z	200	559	https://archive.org/advancedsearch.php?q=title%3A%28%22chain%20store%22%29%20AND%20mediatype%3A%28texts%29%20AND%20YEAR%3A%5B1955%20TO%201975%5D&fl[]=identifier&fl[]=title&fl[]=date&fl[]=mediatype&fl[]=collection&rows=40&page=1&sort[]=date+asc&output=json	SEARCH A10_chainstore_1955_75 | ct=application/json CL=
2026-09-25T06:51:18Z	200	462	https://archive.org/advancedsearch.php?q=%28creator%3A%28%22bureau%20of%20the%20census%22%29%20OR%20creator%3A%28%22united%20states%20bureau%20of%20the%20census%22%29%29%20AND%20title%3A%28chain%29&fl[]=identifier&fl[]=title&fl[]=date&fl[]=mediatype&fl[]=collection&rows=40&page=1&sort[]=date+asc&output=json	SEARCH A11_census_chain | ct=application/json CL=
2026-09-25T06:51:35Z	200	7032	https://archive.org/advancedsearch.php?q=identifier%3A%28sim_business-week%2A%29%20AND%20YEAR%3A%5B1962%20TO%201976%5D&fl[]=identifier&fl[]=title&fl[]=date&rows=200&page=1&output=json	SEARCH A12_bw_id_run | ct=application/json CL=
2026-09-25T06:52:07Z	200	49737	https://archive.org/advancedsearch.php?q=identifier%3A%28sim_business-week%2A%29&fl[]=identifier&fl[]=title&fl[]=date&rows=400&page=1&output=json	SEARCH A13_bw_all_years | ct=application/json CL=
2026-09-25T06:52:10Z	200	5037	https://archive.org/advancedsearch.php?q=title%3A%28%22ben%20franklin%22%29%20AND%20mediatype%3A%28texts%29%20AND%20YEAR%3A%5B1945%20TO%201980%5D&fl[]=identifier&fl[]=title&fl[]=date&rows=60&page=1&output=json	SEARCH A14_ben_franklin | ct=application/json CL=
2026-09-25T06:52:14Z	200	4231	https://archive.org/advancedsearch.php?q=%28title%3A%28%22variety%20store%22%29%20OR%20title%3A%28%22five%20and%20dime%22%29%20OR%20title%3A%28%22five%20and%20ten%22%29%29%20AND%20mediatype%3A%28texts%29%20AND%20YEAR%3A%5B1920%20TO%201975%5D&fl[]=identifier&fl[]=title&fl[]=date&rows=60&page=1&output=json	SEARCH A15_variety_fivedime | ct=application/json CL=
2026-09-25T06:52:18Z	200	3095	https://archive.org/advancedsearch.php?q=title%3A%28%22census%20of%20business%22%29%20AND%20YEAR%3A%5B1958%20TO%201976%5D&fl[]=identifier&fl[]=title&fl[]=date&rows=60&page=1&output=json	SEARCH A16_census_business | ct=application/json CL=
2026-09-25T06:52:21Z	200	886	https://archive.org/advancedsearch.php?q=title%3A%28%22discount%20store%22%29%20AND%20mediatype%3A%28texts%29%20AND%20YEAR%3A%5B1960%20TO%201980%5D&fl[]=identifier&fl[]=title&fl[]=date&rows=60&page=1&output=json	SEARCH A17_discount_store | ct=application/json CL=
2026-09-25T06:52:25Z	200	265	https://archive.org/advancedsearch.php?q=creator%3A%28%22ben%20franklin%20stores%22%29&fl[]=identifier&fl[]=title&fl[]=date&rows=30&page=1&output=json	SEARCH A18_bf_creator | ct=application/json CL=
2026-09-25T06:53:05Z	200	490	https://archive.org/advancedsearch.php?q=title%3A%28%22chain%20store%20sales%22%29%20AND%20mediatype%3A%28texts%29&fl[]=identifier&fl[]=title&fl[]=date&rows=60&page=1&output=json	SEARCH B01_chain_store_sales | ct=application/json CL=
2026-09-25T06:53:09Z	200	4753	https://archive.org/advancedsearch.php?q=identifier%3A%281963censusofbusi%2A%29&fl[]=identifier&fl[]=title&fl[]=date&rows=100&page=1&output=json	SEARCH B02_1963cob | ct=application/json CL=
2026-09-25T06:53:13Z	200	496	https://archive.org/advancedsearch.php?q=title%3A%28%22ben%20franklin%20stores%22%29%20OR%20title%3A%28%22ben%20franklin%20shops%22%29&fl[]=identifier&fl[]=title&fl[]=date&rows=40&page=1&output=json	SEARCH B03_bf_stores | ct=application/json CL=
2026-09-25T06:53:18Z	200	24390	https://archive.org/metadata/sim_business-week_1971_index_0	METADATA sim_business-week_1971_index_0 | ct=application/json CL=
2026-09-25T06:54:06Z	200	7031	https://archive.org/advancedsearch.php?q=collection%3A%28pub_business-week%29%20AND%20YEAR%3A%5B1962%20TO%201976%5D&fl[]=identifier&fl[]=title&fl[]=date&rows=100&page=1&output=json	SEARCH B04_bw_coll_1962_76 | ct=application/json CL=
2026-09-25T06:54:10Z	200	247	https://archive.org/advancedsearch.php?q=collection%3A%28pub_chain-store-age%29&fl[]=identifier&fl[]=title&fl[]=date&rows=20&page=1&output=json	SEARCH B05_csa_coll | ct=application/json CL=
2026-09-25T06:54:15Z	200	77540	https://archive.org/metadata/31761117266239	METADATA 31761117266239 | ct=application/json CL=
2026-09-25T06:54:21Z	200	42272	https://archive.org/metadata/sim_business-week_1964_index_0	METADATA sim_business-week_1964_index_0 | ct=application/json CL=
2026-09-25T06:54:48Z	200	397185	https://ia800908.us.archive.org/33/items/sim_business-week_1971_index_0/sim_business-week_1971_index_0_djvu.txt	TEXT sim_business-week_1971_index_0 sim_business-week_1971_index_0_djvu.txt | ct=text/plain; charset=utf-8 CL=397185
2026-09-25T06:54:53Z	200	1286804	https://ia902902.us.archive.org/33/items/sim_business-week_1964_index_0/sim_business-week_1964_index_0_djvu.txt	TEXT sim_business-week_1964_index_0 sim_business-week_1964_index_0_djvu.txt | ct=text/plain; charset=utf-8 CL=1286804
2026-09-25T06:54:58Z	200	23068	https://archive.org/metadata/sim_business-week_1970_index_0	METADATA sim_business-week_1970_index_0 | ct=application/json CL=
2026-09-25T06:55:02Z	200	336463	https://ia800500.us.archive.org/31/items/sim_business-week_1970_index_0/sim_business-week_1970_index_0_djvu.txt	TEXT sim_business-week_1970_index_0 sim_business-week_1970_index_0_djvu.txt | ct=text/plain; charset=utf-8 CL=336463
2026-09-25T06:55:08Z	200	35161	https://archive.org/metadata/sim_business-week_1969_index_0	METADATA sim_business-week_1969_index_0 | ct=application/json CL=
2026-09-25T06:55:12Z	200	711758	https://ia800408.us.archive.org/25/items/sim_business-week_1969_index_0/sim_business-week_1969_index_0_djvu.txt	TEXT sim_business-week_1969_index_0 sim_business-week_1969_index_0_djvu.txt | ct=text/plain; charset=utf-8 CL=711758
2026-09-25T06:57:00Z	200	249	https://archive.org/advancedsearch.php?q=identifier%3A%28sim_chain-store-age%2A%29&fl[]=identifier&fl[]=title&fl[]=date&rows=60&page=1&output=json	SEARCH C01_sim_csa | ct=application/json CL=
2026-09-25T06:57:03Z	200	234	https://archive.org/advancedsearch.php?q=identifier%3A%28sim_discount%2A%29&fl[]=identifier&fl[]=title&fl[]=date&rows=60&page=1&output=json	SEARCH C02_sim_discount | ct=application/json CL=
2026-09-25T06:57:07Z	200	432	https://archive.org/advancedsearch.php?q=identifier%3A%28pub_discount%2A%29%20OR%20identifier%3A%28pub_ben-franklin%2A%29%20OR%20identifier%3A%28pub_variety%2A%29&fl[]=identifier&fl[]=title&fl[]=date&rows=40&page=1&output=json	SEARCH C03_pub_discount | ct=application/json CL=
2026-09-25T06:57:10Z	200	7625	https://archive.org/advancedsearch.php?q=identifier%3A%28sim_supermerch%2A%29%20OR%20identifier%3A%28sim_progressive-grocer%2A%29%20OR%20identifier%3A%28sim_variety%2A%29%20OR%20identifier%3A%28sim_national-discounters%2A%29&fl[]=identifier&fl[]=title&fl[]=date&rows=60&page=1&output=json	SEARCH C04_sim_grocer | ct=application/json CL=
2026-09-25T06:57:14Z	200	1015	https://archive.org/advancedsearch.php?q=%28title%3A%28%22yearbook%22%29%20OR%20title%3A%28%22directory%22%29%20OR%20title%3A%28%22statistical%22%29%29%20AND%20%28title%3A%28%22retail%22%29%20OR%20title%3A%28%22chain%20store%22%29%20OR%20title%3A%28%22discount%22%29%20OR%20title%3A%28%22variety%22%29%29%20AND%20YEAR%3A%5B1950%20TO%201976%5D&fl[]=identifier&fl[]=title&fl[]=date&rows=60&page=1&output=json	SEARCH C05_yearbook | ct=application/json CL=
2026-09-25T06:57:37Z	200	821429	https://ia801603.us.archive.org/0/items/31761117266239/31761117266239_djvu.txt	TEXT 31761117266239 31761117266239_djvu.txt | ct=text/plain; charset=utf-8 CL=821429
2026-09-25T06:57:40Z	200	492	https://archive.org/advancedsearch.php?q=title%3A%28%22statistical%20report%20on%20retail%22%29%20OR%20title%3A%28%22retail%20food%20stores%2C%20drug%20stores%22%29%20OR%20title%3A%28%22monthly%20chain%20store%20sales%22%29&fl[]=identifier&fl[]=title&fl[]=date&fl[]=mediatype&rows=40&page=1&output=json	SEARCH D02_census_stat_retail | ct=application/json CL=
2026-09-25T06:57:44Z	200	2578	https://archive.org/advancedsearch.php?q=title%3A%28%22chain%20stores%22%29%20AND%20mediatype%3A%28texts%29%20AND%20YEAR%3A%5B1930%20TO%201975%5D&fl[]=identifier&fl[]=title&fl[]=date&fl[]=mediatype&rows=60&page=1&output=json	SEARCH D03_chain_stores_title | ct=application/json CL=
2026-09-25T06:58:18Z	200	6685	https://archive.org/advancedsearch.php?q=identifier%3A%281967censusofbusi%2A%29&fl[]=identifier&fl[]=title&fl[]=date&fl[]=mediatype&rows=40&page=1&output=json	SEARCH D04_1967cob | ct=application/json CL=
2026-09-25T06:58:25Z	200	192256	https://archive.org/metadata/1963censusofbusi12unse	METADATA 1963censusofbusi12unse | ct=application/json CL=
2026-09-25T06:58:31Z	200	2	https://archive.org/metadata/dr_shopping-goods-stores--1963--compiled-from-u-s-bu	METADATA dr_shopping-goods-stores--1963--compiled-from-u-s-bu | ct=application/json CL=
2026-09-25T06:59:20Z	200	431	https://archive.org/advancedsearch.php?q=identifier%3A%281967censusofbusi%2A%29%20AND%20title%3A%28arkansas%29&fl[]=identifier&fl[]=title&fl[]=date&rows=40&page=1&output=json	SEARCH D06_1967cob_arkansas | ct=application/json CL=
2026-09-25T06:59:24Z	200	31085	https://archive.org/advancedsearch.php?q=identifier%3A%28byte-magazine%2A%29&fl[]=identifier&fl[]=title&fl[]=date&rows=500&page=1&output=json	SEARCH E01_byte_all | ct=application/json CL=
2026-09-25T06:59:28Z	200	19373	https://archive.org/advancedsearch.php?q=identifier%3A%28Kilobaud%2A%29%20OR%20title%3A%28kilobaud%29&fl[]=identifier&fl[]=title&fl[]=date&rows=300&page=1&output=json	SEARCH E02_kilobaud | ct=application/json CL=
2026-09-25T06:59:32Z	200	10488	https://archive.org/advancedsearch.php?q=title%3A%28%22interface%20age%22%29%20OR%20identifier%3A%28Interface-Age%2A%29&fl[]=identifier&fl[]=title&fl[]=date&rows=200&page=1&output=json	SEARCH E03_interface_age | ct=application/json CL=
2026-09-25T06:59:36Z	200	27525	https://archive.org/advancedsearch.php?q=identifier%3A%28CreativeComputing%2A%29%20OR%20identifier%3A%28creative-computing%2A%29&fl[]=identifier&fl[]=title&fl[]=date&rows=400&page=1&output=json	SEARCH E04_creative_computing | ct=application/json CL=
2026-09-25T06:59:41Z	200	17061	https://archive.org/advancedsearch.php?q=identifier%3A%28Popular-Electronics%2A%29%20OR%20identifier%3A%28pop-electronics%2A%29%20OR%20%28title%3A%28%22popular%20electronics%22%29%20AND%20YEAR%3A%5B1974%20TO%201978%5D%29&fl[]=identifier&fl[]=title&fl[]=date&rows=400&page=1&output=json	SEARCH E05_pop_electronics | ct=application/json CL=
2026-09-25T07:00:20Z	200	1923	https://archive.org/advancedsearch.php?q=%28title%3A%28%22minnesota%20business%22%29%20OR%20title%3A%28%22st.%20paul%20business%22%29%20OR%20title%3A%28%22twincities%20business%22%29%20OR%20title%3A%28%22crm%20magazine%22%29%20OR%20title%3A%28%22minnesota%20monthly%22%29%20OR%20title%3A%28%22twin%20city%20reporter%22%29%20OR%20title%3A%28%22northland%20business%22%29%29%20AND%20mediatype%3A%28texts%29&fl[]=identifier&fl[]=title&fl[]=date&fl[]=mediatype&rows=80&page=1&output=json	SEARCH F01_mn_business | ct=application/json CL=
2026-09-25T07:00:24Z	200	8549	https://archive.org/advancedsearch.php?q=%28title%3A%28%22health%20maintenance%20organization%22%29%20OR%20title%3A%28%22hmo%20report%22%29%20OR%20title%3A%28%22prepaid%20health%20care%22%29%20OR%20title%3A%28%22managed%20care%22%29%20OR%20title%3A%28%22health%20care%20management%22%29%29%20AND%20mediatype%3A%28texts%29%20AND%20YEAR%3A%5B1968%20TO%201986%5D&fl[]=identifier&fl[]=title&fl[]=date&fl[]=mediatype&rows=80&page=1&output=json	SEARCH F02_hmo_trade | ct=application/json CL=
2026-09-25T07:00:28Z	200	6518	https://archive.org/advancedsearch.php?q=title%3A%28%22minnesota%20medicine%22%29%20OR%20title%3A%28%22minnesota%20state%20medical%20journal%22%29%20OR%20title%3A%28%22banner%20life%22%29&fl[]=identifier&fl[]=title&fl[]=date&fl[]=mediatype&rows=40&page=1&output=json	SEARCH F03_minnesota_medicine | ct=application/json CL=
2026-09-25T07:00:31Z	200	3281	https://archive.org/advancedsearch.php?q=%28title%3A%28hmo%29%20AND%20%28creator%3A%28%22health%20services%20administration%22%29%20OR%20creator%3A%28%22health%20care%20financing%20administration%22%29%20OR%20creator%3A%28%22department%20of%20health%22%29%20OR%20creator%3A%28%22dHEW%22%29%29%29%20OR%20title%3A%28%22health%20maintenance%20organizations%20statistics%22%29%20OR%20title%3A%28%22directory%20of%20health%20maintenance%20organizations%22%29&fl[]=identifier&fl[]=title&fl[]=date&fl[]=mediatype&rows=60&page=1&output=json	SEARCH F04_dhew_hmo | ct=application/json CL=
2026-09-25T07:00:35Z	200	12032	https://archive.org/metadata/byte-magazine-1975-09	METADATA byte-magazine-1975-09 | ct=application/json CL=
2026-09-25T07:00:39Z	200	7167	https://archive.org/metadata/byte-magazine-1977-09	METADATA byte-magazine-1977-09 | ct=application/json CL=
2026-09-25T07:00:43Z	200	4484	https://archive.org/metadata/Kilobaud197701	METADATA Kilobaud197701 | ct=application/json CL=
2026-09-25T07:00:49Z	200	2	https://archive.org/metadata/InterfaceAge197610	METADATA InterfaceAge197610 | ct=application/json CL=
2026-09-25T07:01:29Z	200	3015	https://archive.org/advancedsearch.php?q=identifier%3A%28sim_minnesota-medicine%2A%29%20AND%20YEAR%3A%5B1968%20TO%201986%5D&fl[]=identifier&fl[]=title&fl[]=date&rows=120&page=1&output=json	SEARCH F05_minnesota_medicine_run | ct=application/json CL=
2026-09-25T07:01:33Z	200	46866	https://archive.org/metadata/preliminaryfeasi00char	METADATA preliminaryfeasi00char | ct=application/json CL=
2026-09-25T07:01:37Z	200	4525	https://archive.org/metadata/InterfaceAge197910	METADATA InterfaceAge197910 | ct=application/json CL=
2026-09-25T07:01:40Z	200	3535	https://archive.org/advancedsearch.php?q=%28title%3A%28minnesota%29%20AND%20%28title%3A%28health%29%20OR%20title%3A%28hospital%29%20OR%20title%3A%28medical%29%29%29%20AND%20mediatype%3A%28texts%29%20AND%20YEAR%3A%5B1970%20TO%201982%5D&fl[]=identifier&fl[]=title&fl[]=date&rows=60&page=1&output=json	SEARCH F06_mn_health_print | ct=application/json CL=
2026-09-25T07:01:45Z	200	3737	https://archive.org/advancedsearch.php?q=title%3A%28%22medical%20economics%22%29%20AND%20YEAR%3A%5B1970%20TO%201985%5D&fl[]=identifier&fl[]=title&fl[]=date&rows=40&page=1&output=json	SEARCH F07_medical_economics | ct=application/json CL=
2026-09-25T07:02:10Z	200	12623	https://archive.org/metadata/sim_minnesota-medicine_1974_57_index	METADATA sim_minnesota-medicine_1974_57_index | ct=application/json CL=
2026-09-25T07:02:14Z	0	0	https://archive.org/download/sim_minnesota-medicine_1974_57_index/sim_minnesota-medicine_1974_57_index_djvu.txt	TEST download/ route | URLError: <urlopen error [SSL: CERTIFICATE_VERIFY_FAILED] certificate verify failed: certificate has expired (_ssl.c:1000)>
2026-09-25T07:02:18Z	200	56258	https://ia800704.us.archive.org/35/items/sim_minnesota-medicine_1974_57_index/sim_minnesota-medicine_1974_57_index_djvu.txt	TEXT sim_minnesota-medicine_1974_57_index sim_minnesota-medicine_1974_57_index_djvu.txt | ct=text/plain; charset=utf-8 CL=56258
2026-09-25T07:02:39Z	200	11719	https://archive.org/metadata/sim_minnesota-medicine_1975_58_index	METADATA sim_minnesota-medicine_1975_58_index | ct=application/json CL=
2026-09-25T07:02:43Z	200	35570	https://ia800708.us.archive.org/20/items/sim_minnesota-medicine_1975_58_index/sim_minnesota-medicine_1975_58_index_djvu.txt	TEXT sim_minnesota-medicine_1975_58_index sim_minnesota-medicine_1975_58_index_djvu.txt | ct=text/plain; charset=utf-8 CL=35570
2026-09-25T07:02:48Z	200	11715	https://archive.org/metadata/sim_minnesota-medicine_1976_59_index	METADATA sim_minnesota-medicine_1976_59_index | ct=application/json CL=
2026-09-25T07:02:51Z	200	33240	https://ia800803.us.archive.org/22/items/sim_minnesota-medicine_1976_59_index/sim_minnesota-medicine_1976_59_index_djvu.txt	TEXT sim_minnesota-medicine_1976_59_index sim_minnesota-medicine_1976_59_index_djvu.txt | ct=text/plain; charset=utf-8 CL=33240
2026-09-25T07:02:56Z	200	11920	https://archive.org/metadata/sim_minnesota-medicine_1977_60_index	METADATA sim_minnesota-medicine_1977_60_index | ct=application/json CL=
2026-09-25T07:03:00Z	200	31793	https://ia800709.us.archive.org/26/items/sim_minnesota-medicine_1977_60_index/sim_minnesota-medicine_1977_60_index_djvu.txt	TEXT sim_minnesota-medicine_1977_60_index sim_minnesota-medicine_1977_60_index_djvu.txt | ct=text/plain; charset=utf-8 CL=31793
2026-09-25T07:03:04Z	200	11448	https://archive.org/metadata/sim_minnesota-medicine_1978_61_index	METADATA sim_minnesota-medicine_1978_61_index | ct=application/json CL=
2026-09-25T07:03:08Z	200	19672	https://ia801804.us.archive.org/21/items/sim_minnesota-medicine_1978_61_index/sim_minnesota-medicine_1978_61_index_djvu.txt	TEXT sim_minnesota-medicine_1978_61_index sim_minnesota-medicine_1978_61_index_djvu.txt | ct=text/plain; charset=utf-8 CL=19672
2026-09-25T07:03:12Z	200	11751	https://archive.org/metadata/sim_minnesota-medicine_1979_62_index	METADATA sim_minnesota-medicine_1979_62_index | ct=application/json CL=
2026-09-25T07:03:16Z	200	32452	https://ia803103.us.archive.org/16/items/sim_minnesota-medicine_1979_62_index/sim_minnesota-medicine_1979_62_index_djvu.txt	TEXT sim_minnesota-medicine_1979_62_index sim_minnesota-medicine_1979_62_index_djvu.txt | ct=text/plain; charset=utf-8 CL=32452
2026-09-25T07:03:20Z	200	11924	https://archive.org/metadata/sim_minnesota-medicine_1980_63_index	METADATA sim_minnesota-medicine_1980_63_index | ct=application/json CL=
2026-09-25T07:03:24Z	200	28680	https://ia801905.us.archive.org/3/items/sim_minnesota-medicine_1980_63_index/sim_minnesota-medicine_1980_63_index_djvu.txt	TEXT sim_minnesota-medicine_1980_63_index sim_minnesota-medicine_1980_63_index_djvu.txt | ct=text/plain; charset=utf-8 CL=28680
2026-09-25T07:04:47Z	200	860344	https://ia601608.us.archive.org/29/items/byte-magazine-1977-09/1977_09_BYTE_02-09_Music_and_Computers_djvu.txt	TEXT byte-magazine-1977-09 1977_09_BYTE_02-09_Music_and_Computers_djvu.txt | ct=text/plain; charset=utf-8 CL=860344
2026-09-25T07:04:52Z	200	443605	https://ia800800.us.archive.org/8/items/byte-magazine-1975-09/1975_09_BYTE_00-01_The_Worlds_Greatest_Toy_djvu.txt	TEXT byte-magazine-1975-09 1975_09_BYTE_00-01_The_Worlds_Greatest_Toy_djvu.txt | ct=text/plain; charset=utf-8 CL=443605
2026-09-25T07:04:57Z	200	2	https://archive.org/metadata/creativecomputing-1977-11	METADATA creativecomputing-1977-11 | ct=application/json CL=
2026-09-25T07:09:39Z	200	18208	https://archive.org/advancedsearch.php?q=collection%3A%28periodicals%29%20AND%20%28title%3A%28retail%29%20OR%20title%3A%28discount%29%20OR%20title%3A%28grocer%29%20OR%20title%3A%28chain%29%20OR%20title%3A%28merchandising%29%29%20AND%20mediatype%3A%28texts%29&fl[]=identifier&fl[]=title&fl[]=date&rows=120&page=1&output=json	SEARCH G01_periodicals_retail | ct=application/json CL=
2026-09-25T07:09:43Z	200	396	https://archive.org/advancedsearch.php?q=collection%3A%28sim_microfilm%29%20AND%20title%3A%28%22chain%20store%22%29&fl[]=identifier&fl[]=title&fl[]=date&rows=60&page=1&output=json	SEARCH G02_sim_microfilm_chain | ct=application/json CL=
2026-09-25T07:09:46Z	200	806	https://archive.org/advancedsearch.php?q=%28title%3A%28hmo%29%20AND%20%28title%3A%28directory%29%20OR%20title%3A%28statistics%29%20OR%20title%3A%28census%29%29%29%20OR%20title%3A%28%22health%20maintenance%20organizations%3A%20a%20directory%22%29%20OR%20title%3A%28%221979%20hmo%22%29&fl[]=identifier&fl[]=title&fl[]=date&rows=40&page=1&output=json	SEARCH G03_hmo_directory | ct=application/json CL=
2026-09-25T07:09:50Z	200	512	https://archive.org/advancedsearch.php?q=creator%3A%28%22health%20planning%20council%20of%20minnesota%22%29%20OR%20title%3A%28%22minnesota%20hospital%20service%22%29%20OR%20creator%3A%28%22minnesota%20health%20planning%20council%22%29&fl[]=identifier&fl[]=title&fl[]=date&rows=40&page=1&output=json	SEARCH G04_mn_hpc | ct=application/json CL=
2026-09-25T07:09:55Z	200	45426	https://archive.org/metadata/sim_business-week_1962_index	METADATA sim_business-week_1962_index | ct=application/json CL=
2026-09-25T07:09:59Z	200	44674	https://archive.org/metadata/sim_business-week_1966_index_0	METADATA sim_business-week_1966_index_0 | ct=application/json CL=
2026-09-25T07:10:03Z	200	8691	https://archive.org/metadata/CreativeComputing_v03n06_NovDec1977	METADATA CreativeComputing_v03n06_NovDec1977 | ct=application/json CL=
2026-09-25T07:10:27Z	200	24210	https://archive.org/advancedsearch.php?q=identifier%3A%28sim_stores%2A%29%20AND%20YEAR%3A%5B1945%20TO%201990%5D&fl[]=identifier&fl[]=title&fl[]=date&rows=300&page=1&output=json	SEARCH G05_nrdga_stores_window | ct=application/json CL=
2026-09-25T07:10:32Z	200	1273570	https://ia802906.us.archive.org/14/items/sim_business-week_1962_index/sim_business-week_1962_index_djvu.txt	TEXT sim_business-week_1962_index sim_business-week_1962_index_djvu.txt | ct=text/plain; charset=utf-8 CL=1273570
2026-09-25T07:10:37Z	200	1177551	https://ia800606.us.archive.org/17/items/sim_business-week_1966_index_0/sim_business-week_1966_index_0_djvu.txt	TEXT sim_business-week_1966_index_0 sim_business-week_1966_index_0_djvu.txt | ct=text/plain; charset=utf-8 CL=1177551
2026-09-25T07:10:58Z	200	20992	https://archive.org/metadata/sim_stores_1960-01_42_1	METADATA sim_stores_1960-01_42_1 | ct=application/json CL=
2026-09-25T07:11:14Z	200	10091	https://archive.org/metadata/sim_stores_1970_52_index	METADATA sim_stores_1970_52_index | ct=application/json CL=
2026-09-25T07:11:18Z	200	16985	https://ia801905.us.archive.org/13/items/sim_stores_1970_52_index/sim_stores_1970_52_index_djvu.txt	TEXT sim_stores_1970_52_index sim_stores_1970_52_index_djvu.txt | ct=text/plain; charset=utf-8 CL=16985
2026-09-25T07:11:22Z	200	10336	https://archive.org/metadata/sim_stores_1974_56_index	METADATA sim_stores_1974_56_index | ct=application/json CL=
2026-09-25T07:11:26Z	200	24487	https://ia600506.us.archive.org/31/items/sim_stores_1974_56_index/sim_stores_1974_56_index_djvu.txt	TEXT sim_stores_1974_56_index sim_stores_1974_56_index_djvu.txt | ct=text/plain; charset=utf-8 CL=24487
2026-09-25T07:11:33Z	200	10181	https://archive.org/metadata/sim_stores_1975_57_index	METADATA sim_stores_1975_57_index | ct=application/json CL=
2026-09-25T07:11:36Z	200	18054	https://ia801002.us.archive.org/6/items/sim_stores_1975_57_index/sim_stores_1975_57_index_djvu.txt	TEXT sim_stores_1975_57_index sim_stores_1975_57_index_djvu.txt | ct=text/plain; charset=utf-8 CL=18054
2026-09-25T07:12:16Z	200	269490	https://ia801909.us.archive.org/11/items/sim_stores_1960-01_42_1/sim_stores_1960-01_42_1_djvu.txt	TEXT sim_stores_1960-01_42_1 sim_stores_1960-01_42_1_djvu.txt | ct=text/plain; charset=utf-8 CL=269490
2026-09-25T07:21:30Z	200	691621	https://ia600907.us.archive.org/17/items/CreativeComputing_v03n06_NovDec1977/Creative_Computing_v03n06_Nov_Dec_1977_djvu.txt	TEXT CreativeComputing_v03n06_NovDec1977 Creative_Computing_v03n06_Nov_Dec_1977_djvu.txt | ct=text/plain; charset=utf-8 CL=691621
