company,stage,conflict_id,section,claim_a,claim_a_source,claim_a_date,claim_b,claim_b_source,claim_b_date,why_they_differ,evidence_weight,best_supported_interpretation,residual_uncertainty,confidence
Walmart,stage1,U.016,"P; A3 §3.4 [pre-merge local key U-A3/1; renumbered at merge 2026-09-26 per U.0.1, reasoning unchanged]","FY1975 net sales = $236,209 thousand",WALMART_AR_1977/1978/1979 reports and the inversion of WALMART_AR_1975.txt's own five rows,1977-04-01,"FY1975 net sales = $226,209 thousand",WALMART_AR_1976.txt five-year table text layer,1976-03-26,"OCR of a 2/3 digit in a stacked numeric column, plus the FY1975 top-line cell being absent from its own text layer — a machine failure, not a company one","four printings for A against one for B, and B disagrees with a fifth witness (the FY1975 report's own row identity)","$236,209 thousand",the contemporaneous PRINTED top line has never been read off a printed page; the FY1975 _text.pdf is UNTRIED,Medium-High
Walmart,stage1,U.017,"P; A3 §3.8 [pre-merge local key U-A3/2; renumbered at merge 2026-09-26 per U.0.1, reasoning unchanged]","FY1970 net income = $1,187,764 (pro forma)",WALMART_AR_1972/1973/1974 reports,1974-03-21,"FY1970 net income = 1,011 thousand",WALMART_AR_1978.txt Nine-Year Summary FY1970 column,1978-04-14,"unknown — and the FY1978 table is internally inconsistent: its own rows give pre-tax 2,199 (matching claim A's $2,198,764) and taxes 960, which require net income 1,239","three documents for A, one for B, and B disagrees with itself","$1,187,764 stays the register value; the FY1978 FY1970 net-income cell is marked SUSPECT, not corrected","whether 1,011 is an OCR mis-read or a genuine second (actual vs pro forma) basis cannot be told without the FY1978 page image, UNTRIED",Medium for A / Low for B
Walmart,stage1,U.018,"P; A3 Table S3 [pre-merge local key U-A3/3; renumbered at merge 2026-09-26 per U.0.1, reasoning unchanged]","FY1973 shares outstanding = 6,512,950",WALMART_AR_1974.txt balance-sheet block,1974-03-21,"FY1973 shares outstanding = 6,512,550",WALMART_AR_1973.txt L103-108 as read by A2,1973-03-20,"one digit (9 vs 5) in a typewritten statement, or a genuine restatement of a year-end count between the two documents",one printing each,neither; record both and forbid quoting a single FY1973 count at High,"immaterial to every ratio in §5.6 (400 shares in 6.5m); page images of both reports UNTRIED [MERGE AMENDMENT per U.0.1: A2 local key U-A2/9 leg folded into this row instead of issuing a second row - the same FY1973 report prints both 6,512,950 and 6,512,550, so the cross-document and intra-document legs are one conflict]",Medium
Walmart,stage1,U.020,"P; A3 Tables S1/S3; §5.5 [pre-merge local key U-A3/4; renumbered at merge 2026-09-26 per U.0.1, reasoning unchanged]","FY1977 pre-tax 31,833 and net income 16,546; FY1978 42,186 and 21,886",WALMART_AR_1977.txt and WALMART_AR_1978.txt own tables,1978-04-14,"FY1977 pre-tax 30,857 and net income 16,039; FY1978 40,847 and 21,191",WALMART_AR_1979.txt Five-Year Financial Review; repeated in WALMART_AR_1980.txt ten-year table,1979-04-06,"SFAS 13 (Accounting for Leases) applied retroactively with the auditor's concurrence — a documented accounting change, not an error","both Tier-1, both dated, both complete","both, for different purposes: A for 'what the company reported at the time', B for comparison with FY1979/FY1980","A2 printed B's values inside a row titled 'as printed' at High, so A2's own EPS and margin steps cannot be attributed to a basis",High
Walmart,stage1,U.021,"P; A3 §5.5 [pre-merge local key U-A3/5; renumbered at merge 2026-09-26 per U.0.1, reasoning unchanged]","The FY1978 SFAS-13 restatement 'reduced net earnings $769,000, or 5 cents per share'",WALMART_AR_1979.txt Management's Analysis,1979-04-06,"The FY1978 restatement reduced net earnings by $695,000","WALMART_AR_1979.txt income statement and retained-earnings bridge (2,461,000 minus 1,766,000; 21,886 minus 21,191)",1979-04-06,"unknown — a pre-publication figure surviving in prose, or a different measure than net income; no reconciling line exists",two independent arithmetic paths inside the same document give 695; the prose gives 769; the '5 cents' fits either at ~15m shares,695 for the income-statement effect; 769 recorded as the company's own stated number and not retracted,"$74,000, i.e. 0.3% of FY1978 net income, unreconciled INSIDE one audited document",High
Walmart,stage1,U.022,"P; A3 Table S4 [pre-merge local key U-A3/6; renumbered at merge 2026-09-26 per U.0.1, reasoning unchanged]","FY1978 total assets = $206,691 thousand",WALMART_AR_1978.txt Nine-Year Summary,1978-04-14,"FY1978 total assets = $251,865 thousand",WALMART_AR_1979.txt comparative balance sheet,1979-04-06,"SFAS-13 lease capitalisation brought lease assets and liabilities on to the balance sheet: +45,174 assets against +48,099 of capital-lease obligations, with equity falling only 2,461",both are Tier-1 statements of the same date by the same firm; B has the later recognition rule behind it,"B for comparison with FY1979/FY1980, A for comparison with FY1970-FY1977; THE ASSET SERIES IS BROKEN AND IS PRINTED BROKEN","A2's Total assets row mixed the bases silently, so any A2-derived asset growth or turn across 1978/1979 is invalid",High
Walmart,stage1,U.024,"P; §5.5 [pre-merge local key U-A3/7; renumbered at merge 2026-09-26 per U.0.1, reasoning unchanged]",FY1974/FY1975/FY1976 expense structure 21.1% / 20.5% / 20.8% of sales,WALMART_AR_1977.txt Chairman's Message,1977-04-01,operating + S&G + administrative expense ÷ net sales = 19.72% / 20.36% / 20.01% / 20.43% for FY1974-FY1977,WALMART_AR_1977.txt Eight-Year Summary (same document),1977-04-01,"the letter's denominator is unstated and its fiscal-year labels appear to run by STARTING calendar year (its gross-margin '+.2%' matches FY1976→FY1977); even remapped, 20.8% exceeds the computed 20.43%",the table is auditable arithmetic on printed rows; the letter is management prose with an unstated base,none — the letter's series is recorded as STATED-BUT-NOT-RECONCILABLE and EXCLUDED from §5.5,"whether 'total expense structure' includes interest, pre-opening costs or leases; the document does not say. DENOMINATOR NOT STATED ⇒ UNKNOWN",High (that it does not reconcile) / UNKNOWN (what it measures)
Walmart,stage1,U.012,"C; D [pre-merge local key U-A3/8; renumbered at merge 2026-09-26 per U.0.1, reasoning unchanged]",Rogers Arkansas population at the November 1962 opening was 'approximately 4700',WALMART_AR_1975.txt company profile,1975-03-28,"… 'approximately 5,000 people'",WALMART_AR_1978.txt founding narrative,1978-04-14,"rounding of the same census figure, or a different informal source","equal; one lineage, three years apart","'approximately 4,700-5,000 per the company's own two statements'",no census record in this corpus; the 1962 opening still has no witness outside the registrant,Medium (as a range) / Low (as a fact)
Walmart,stage1,U.023,"P; A3-012 [pre-merge local key U-A3/9; renumbered at merge 2026-09-26 per U.0.1, reasoning unchanged]","FY1977 long-term debt = 23,245 thousand (one line)",WALMART_AR_1977.txt Eight-Year Summary,1977-04-01,"FY1977 long-term debt = 19,158 plus capital-lease obligations 4,087 (two lines)",WALMART_AR_1978.txt Nine-Year Summary,1978-04-14,"presentation change: the FY1978 report split out the capital-lease component of the same total (19,158 + 4,087 = 23,245, exact)",both Tier-1 and self-consistent,"both, labelled; leverage for one date is 0.351 or 0.289 depending on which print is used",whether FY1977's single line was a presentation shortcut or a different classification standard; no document says,High
Walmart,stage1,U.035,"T; A4 §Contradictions [pre-merge local key U-A4/1; renumbered at merge 2026-09-26 per U.0.1, reasoning unchanged]",Grayson-Robinson cash-bind story printed at p.109 (Aug.18 1962),sim_business-week_1962_index layer lines 38668 and 49785,1962-08-18,Same story printed at p.169,sim_business-week_1962_index DISCOUNT Houses block line 45113,1962-08-18,SIM microfilm OCR reflows and duplicates the same alphabetical block 2-5x with different truncated left margins; the leading 1 is either a page digit or an absorbed margin artefact,two printings for A and one for B but all from one machine pass on one volume — not two witnesses,p.109 by majority of printings with p.169 printed beside it and never erased,"the 1962 issue scan is not on this route, so no page image is reachable and the question cannot be closed by anything currently available",Medium for A; Low for B
Walmart,stage1,U.036,"T; A4 §Contradictions [pre-merge local key U-A4/2; renumbered at merge 2026-09-26 per U.0.1, reasoning unchanged]",Kresge 1966 cover story at p.26 (Jan.29 1966),sim_business-week_1966_index_0 lines 18506-18507,1966-01-29,Kresge 1966 cover story at p.126,sim_business-week_1966_index_0 lines 8338 and 26577,1966-01-29,the same OCR duplication mechanism; equal printings from the same volume,each reading has one printing and neither is independent,"no page is asserted; the entry is cited by headline, cover status and date only",unresolvable on this route,High that a Kresge cover story existed on that date; UNKNOWN as to its page
Walmart,stage1,U.037,"E; H; A4 §Contradictions [pre-merge local key U-A4/3; renumbered at merge 2026-09-26 per U.0.1, reasoning unchanged]",The discount sector was in financial distress and consolidating by failure in 1962: Business Week's index carries four failure/bankruptcy/shake-out stories plus an industry-level 'facing a major shakeout' statement inside twelve months,"S0112 (BW 1962 index, p.101 Oct.6, p.83 Oct.27, p.146 Sep.22, p.78 Dec.1)",1962-12-01,"The registrant's own reports describe the 1962 founding as a planned, untroubled move, repeated in consecutive annual reports",WALMART_AR_1972.txt through WALMART_AR_1980.txt (A3 §7.2(c)); A3 origin narrative,1972-03-22,different subjects: A is an industry diagnosis made in real time by a third party; B is a company's later account of its own decision — neither is a factual contradiction about the same variable,"A is contemporaneous and third-party (Tier 2, index-level); B is retrospective and single-lineage (Tier 1 as to the company, none as to the sector)","both are recorded, and the dataset states that the sector condition in which the company was founded is independently evidenced while the founding decision itself is not",whether Wal-Mart's founders read or acted on the shake-out coverage: NO evidence either way and no inference is offered,High that the two claims are of different kinds
Walmart,stage1,U.038,"E; P; A4 §Contradictions [pre-merge local key U-A4/4; renumbered at merge 2026-09-26 per U.0.1, reasoning unchanged]",A3 §7.2(c) requires an independent lineage to corroborate the registrant's figures — i.e. a non-company publication carrying a Wal-Mart number,A3 §7.2(c) and §7.2(d),1972-03-22,"No periodical reached in A4 carries any Wal-Mart figure at all, so nothing exists to disagree with: 0 press figures across 10 BW index years, 5 Stores annual indexes and 8 Stores monthlies",S0112-S0136; §Independent figures final row,1980-04-01,"this is a conflict of expectation against absence, not of two incompatible values; the register must not read the empty row as a resolved corroboration",high-confidence absence within a stated perimeter; the perimeter excludes three host families that were then unreachable and one (HathiTrust) now re-opened unread,the row is recorded as EMPTY-within-the-corpus and the independent-lineage count stays at 1; no silent substitution of a sector figure for a company figure,"whether any of the 573 HathiTrust full-view 1970s records (S0137) carries a Wal-Mart number: UNKNOWN, no text read",High that the row is empty in the corpus read; UNKNOWN as to the world
Walmart,stage1,U.039,"H; A4 §Independent figures [pre-merge local key U-A4/5; renumbered at merge 2026-09-26 per U.0.1, reasoning unchanged]",The discount industry was a fast-growing $6-billion industry facing a major shakeout,Business Week p.78 Dec.1 1962 (S0112),1962-12-01,Discount stores amounted to $6.9 billion in 1962,Business Week short item p.132 Jul.13 1963 (S0114),1963-07-13,one is a rounded contemporaneous characterisation with an unstated universe; the other is a specific figure for the completed year published seven months later and printed as an OCR fragment whose subject noun is lost,"both Tier-2 index-level citations from the SAME publisher, neither checkable because no article text is reachable","$6.9bn is the figure the weekly later reported for calendar 1962 AND $6.0bn stands as the figure it published during 1962; both printed, neither chosen, neither used as a denominator",the definition of the counted class is UNKNOWN in both cases; the 15 percent gap is material to any share calculation,Medium that both were published; UNKNOWN what either measured
Walmart,stage1,U.040,"H; A4 §Independent figures [pre-merge local key U-A4/6; renumbered at merge 2026-09-26 per U.0.1, reasoning unchanged]",The number of discount stores was decreasing while units grew larger and chains squeezed the little guys,Business Week p.182 Nov.16 1963 (S0114),1963-11-16,Wal-Mart's store count rose from 51 (FY1971) to 78 (FY1974) with positive same-store growth,WALMART_AR_1974.txt Five Year Progress Report; A3 Tables S1 and S3,1974-03-21,different universes measured by different instruments: an industry unit count in a headline versus one firm's audited store count,A is Tier-2 index-level with its numeric content unreachable; B is Tier-1 auditor-attested,both stand and the dataset refuses to explain the gap; the sector's contraction is NOT converted into the company's good fortune,whether anyone at Wal-Mart could or did observe the 1963 consolidation is UNKNOWN and no inference is offered,High that both claims exist; UNKNOWN as to any causal relation
Walmart,stage1,U.041,"H; A4 §Independent figures [pre-merge local key U-A4/7; renumbered at merge 2026-09-26 per U.0.1, reasoning unchanged]",A published store-size-to-trading-area rule plus a warning of serious over-concentration of discount stores,"Stores December 1961 NRMA Discount Seminar, Perry Meyers session (S0133 offsets 84160 and 84355)",1961-12-01,"The first Wal-Mart Discount City opened in Rogers, Arkansas, then a town of approximately 4700 / approximately 5,000 people, in a 30,000-60,000 sq ft format",WALMART_AR_1975.txt and WALMART_AR_1978.txt (and A3 U-A3/8),1975-03-28,"A is trade guidance to conventional stores considering a discount venture, printed three months before the opening; B is a retrospective self-report about a store actually built, and B's own two population figures already disagree with each other",A is third-party and contemporaneous but its table is OCR-mangled; B is Tier-1 but retrospective and internally inconsistent,recorded as an unresolved divergence; NOT narrated as advice ignored and NOT as advice confirmed,column pairing of the printed table; the definition of trading area; and whether any Walton read or attended NRMA material — all UNKNOWN,Medium that the texts diverge; UNKNOWN which reading of the table is right
Walmart,stage1,U.042,"T; A4 §Findings [pre-merge local key U-A4/8; renumbered at merge 2026-09-26 per U.0.1, reasoning unchanged]","Small town greets the discounters p.90 Oct.3 1964 is indexed under ALDENS, Inc.",sim_business-week_1964_index_0 offset 665015,1964-10-03,The same headline in the DISCOUNT Houses block continues Gamble-Skogmo is opening franchised ...,sim_business-week_1964_index_0 offset 828735,1964-10-03,Business Week's company alphabet and its subject block attribute the same story to two different Minnesota-based variety and mail-order operators,"same publisher, same volume, both placements genuine",immaterial to the verdict and therefore NOT adjudicated: under either attribution the article is a competitor's small-town discount expansion,which firm the article chiefly concerned; resolvable only from the unreachable article text,High that neither attribution supports a Wal-Mart reading
Walmart,stage1,U.043,"A4 §Data gaps / §Depth-verdict; MASTER_RESEARCH_LOG [pre-merge local key U-A4/9; renumbered at merge 2026-09-26 per U.0.1, reasoning unchanged]","A4's own UNANSWERED list and B_periodical_retest.md record HathiTrust as a TLS failure and Google Books as 429, and A4's method section says the 18 unspent requests were withheld because those hosts 'would return the same 403 / TLS failure / 429'","A4 §Working method (written 2026-09-25, before the repair); B_periodical_retest.md",2026-09-25,"The harvester's repair shows both families answering: the probe records 4 x HTTP 200 from babel.hathitrust.org (391,767 / 370,909 / 238,566 / 34,171 B) and repeated 200s from books.google.com feeds, and A4's own re-probe got 200 / 369,430 B through curl",00_universe/harvest/_probe_fixed_20260925/_MANIFEST.md and _REQUEST_LEDGER.tsv; S0137; S0138,2026-09-25,"the environment changed mid-dossier and the client differs: A4's urllib carries a CA bundle that sees an expired certificate on babel.hathitrust.org, while curl on the same machine negotiates the same host at HTTP 200, so 'blocked' was true of one client and not of the machine","the probe evidence is the harvester's own byte-verified log and A4 reproduced one call independently; both legs are route evidence, not company evidence","A4's blocked-host rows are AMENDED not deleted: Chronicling America remains 403 (verified again in the probe, three rounds); Google Books is open only on the undateable feeds endpoint (v1 API 429); HathiTrust is open and is where the named-witness search now has to run","no HathiTrust item text has been read, so whether the re-opened route contains the witness is UNKNOWN; and the GB feeds endpoint's date params are ignored, so its in-window test has never actually been run",High that the route state changed; UNKNOWN as to what it yields
Walmart,stage1,U.001,E; D; Q [drafted by s1_p2.md merge block as U-E/1; canonical id issued centrally at merge per U.0.1],The first Wal-Mart Discount City opened in November 1962,"Wal-Mart Stores Inc. annual reports FY1975 and FY1978 (company profile and founding narrative), S0104/S0107",1978-04-14,"The first Walmart store opened on July 2, 1962","corporate.walmart.com/about/history (extract), EXTRACT_corporate_walmart_history_timeline.md; A2 W-118",2026-09-23,Different instruments and purposes: A is dated narrative inside four audited registrant documents; B is an undated marketing page carrying zero citations whose provenance chain this repository has never seen,"four printings of A inside signed annual reports against one uncited page; both are the same registrant lineage, so the independent-origin count for either month is zero","1962 is attested; the MONTH is not. Where a month must appear the corporate-print month is used with U-E/1 cited beside it, and July 2 is never presented as documented","no 1962 newspaper item, lease, permit, register tape or photograph exists in this corpus; the 1962 grand-opening flyer lead (W-20) was never retrieved; Arkansas and Missouri newspaper archives and the Arkansas SoS file are UNTRIED",High (that the two company sources disagree); UNKNOWN (the opening date)
Walmart,stage1,U.034,F [drafted by s1_p2.md merge block as U-F/1; canonical id issued centrally at merge per U.0.1],"Stores served communities with an average population of 10,000-15,000, within a 350 mile radius of Bentonville","Wal-Mart Stores Inc. FY1975 report, S0104",1975-03-28,"Stores are 'located primarily in towns having populations from 5,000 to 25,000'","Wal-Mart Stores Inc. FY1978 and FY1980 reports, S0107 and S0109",1980-04-01,"An average is not a bound, and 'communities served' is not 'towns where stores are located'; the two sentences describe different quantities, printed three and five years apart",both contemporaneous to their own fiscal year and both as-filed; neither is corroborated by any outside source,both statements are kept and neither supersedes the other; the FY1975 band may describe the settled fleet while the later band describes the whole site policy,"no document in the corpus pairs any store with its town's population, so which rule governed which openings is unknowable from this evidence",High (both printed); UNKNOWN (which rule governed site selection)
Walmart,stage1,U.031,K; boundary; A [drafted by s1_p2.md merge block as U-A2/2; canonical id issued centrally at merge per U.0.1],"The 1970 public offering was 200,000 shares sold 8 October 1970 for net proceeds of $3,030,467 ($3,010,467 over par)","Wal-Mart Stores Inc. FY1972 report, capital note and statement of changes in financial position, S0101",1972-03-22,The first stock was sold at $16.50 per share,"corporate.walmart.com/about/history (extract), W-12/W-118",2026-09-23,"A states net proceeds and share count but no gross price; B states a price but no date, count, proceeds, underwriter or citation",A is auditor-attested registrant print; B is uncited company self-narrative. Both are one lineage,the offering is dated and sized at Tier 1; the gross offer price is not evidenced. Implied NET per share $15.15 is DERIVED and is not reconciled with $16.50,"no 1970 registration statement, prospectus or underwriting agreement is on disk; the $16.50 and $15.15 pair has no licensed bridge",High (the note's contents); UNKNOWN (gross price)
Walmart,stage1,U.027,G; Q [drafted by s1_p2.md merge block as U-A2/3; canonical id issued centrally at merge per U.0.1],"A distribution centre of 60,000 sq ft was doubled to 124,800 sq ft, the addition completed 15 August 1971","Wal-Mart Stores Inc. FY1972 report, President's message, S0101",1972-03-22,The first distribution centre opened in 1970 (PBS) / 1971 (company page) / 1970 location unspecified (SCDigest) / a leased Springfield Missouri warehouse (lore),EXTRACT_corporate_walmart_history_timeline.md; EXTRACT_pbs_2004_timeline.md; EXTRACT_scdigest_2012_timeline.md,2004-08-20,"Four retrospective accounts, none citing a lease or a filing; the registrant print describes an EXPANSION of a facility that already existed, which none of the four narratives does",the registrant sentence is contemporaneous and inside an audited document; all four alternatives are retrospective and uncited,a distribution facility stood before 1971-08-15 and was enlarged then; the 'first DC' year and town in the secondary accounts are not evidence,"no lease, deed or DC-opening document exists in this corpus; Benton County and Greene County (MO) records are UNTRIED",High (the 1971 enlargement); Low (any 'first DC' date)
Walmart,stage1,U.032,K [drafted by s1_p2.md merge block as U-A2/4; canonical id issued centrally at merge per U.0.1],"The April 1972 offering added approximately $9,250,000 of equity capital and placed stock with over 3,400 holders","Wal-Mart Stores Inc. FY1973 report, President's letter, S0102",1973-03,"Paid-in capital rose $8,913,504 on the sale of 400,000 shares at $23.75 before expenses, i.e. $9,500,000 gross","Wal-Mart Stores Inc. FY1973 report Note 4, S0102",1973-03,"three totals coexist in one document (gross arithmetic, letter rounding, amount posted to paid-in) and the bridge between them is not disclosed",all three are the same document and the same lineage; none is independent of the others,no single figure is 'the raise'; register rows must carry the basis label of whichever figure they print,"underwriting expense, over-allotment and option/warrant proceeds are not separately disclosed for the month of April 1972",High (that the three figures coexist); Medium (any total used alone)
Walmart,stage1,U.028,G [drafted by s1_p2.md merge block as U-A2/5; canonical id issued centrally at merge per U.0.1],"The General Office and Distribution Center at Bentonville was increased during 1972 to 261,800 sq ft all under one roof","Wal-Mart Stores Inc. FY1973 report, S0102",1973-03,"the same building is printed at 263,800 sq ft with an open house dated 3 December 1972","Wal-Mart Stores Inc. FY1976 report, growth note, S0105",1976-03-26,"two registrant prints of the same facility two fiscal years apart, 2,000 sq ft apart",each is contemporaneous to its own report; the later print is retrospective about the earlier year,both prints are carried in §G.3 rather than averaged; no document reconciles them,the square footage may measure different envelopes (office included/excluded); the documents do not say,Medium (the discrepancy is real and small); UNKNOWN (its cause)
Walmart,stage1,U.029,B; E; L [drafted by s1_p2.md merge block as U-A2/6; canonical id issued centrally at merge per U.0.1],The Walton brothers assembled a group of fifteen Ben Franklin variety stores between 1945/1946 and 1962,"Wal-Mart Stores Inc. FY1975, FY1978, FY1979 and FY1980 reports, S0104/S0107/S0108/S0109",1980-04-01,fourteen Ben Franklin variety stores were still trading at 1 January 1970 and nine 'variety and family center stores' existed in FY1973,"Wal-Mart Stores Inc. FY1980 report and FY1973 report, S0109 and S0102",1980-04-01,"a cumulative assembly total against period-end trading counts, plus a label drift from 'Ben Franklin stores' to 'variety stores' and a one-year disagreement on the start of the count (1945 vs 1946)","all prints are the same registrant lineage; the trading counts are arithmetically consistent with run-down of an assembled group, which is an internal check not a second source","both are kept: fifteen assembled and fourteen/nine trading at those dates are compatible only if closures are admitted, and the FY1974 report does print two sold and four closed","no document lists which stores, where, when acquired, or how many entered the 1970-02-01 pooling; no partnership deed exists in this corpus",Low (the count); High (that each report says it)
Walmart,stage1,U.011,B; D [drafted by s1_p2.md merge block as U-A2/7; canonical id issued centrally at merge per U.0.1],"The 1945 Ben Franklin franchised start was in Newport, Arkansas","Wal-Mart Stores Inc. FY1975-FY1980 reports, five documents, S0104-S0109",1980-04-01,"Newport is in Nebraska (an internal 2026-09-23 project 'correction' against vintagebentonville) / Newport, Kentucky (A4 dossier prose)",A_chronology_feasibility.md W-19 and its own supersession note; A4_independent_periodicals.md A4-16/A4-18/A4-23,2026-09-24,"the registrant placed it in Arkansas from 1975 onward; the project's own correction asserted Nebraska and A4's prose asserted Kentucky - two wrong states introduced after the fact, neither sourced","five registrant documents naming Newport, Arkansas, plus FY1973/FY1976 store lists placing Newport among Arkansas towns; the rival readings have no document at all","Newport, ARKANSAS is the only reading any document in this corpus supports; the 'correction' is itself the refuted error and 1945-50 Newport sits in Mississippi County, Arkansas","the 1945 event itself remains independently undocumented; the state is settled by the print, the year is not",High (Arkansas); Low (that any 1945 event is documented)
Walmart,stage1,U.025,L; P [drafted by s1_p2.md merge block as U-K/1; canonical id issued centrally at merge per U.0.1],FY1976 total expense ratio was 20.5% of sales,"Wal-Mart Stores Inc. FY1976 report, shareholder letter, S0105",1976-03-26,FY1976 total expense ratio was 20.0% of sales,"Wal-Mart Stores Inc. FY1976 report, Management's Analysis, S0105",1976-03-26,"two stated ratios for the same fiscal year inside the same document; the derived value from the summary rows is 20.01%, which supports the analysis figure","both are the company's own; the arithmetic of the same table's rows breaks the tie in favour of 20.0%, but the letter is the more widely quoted number",print both; §L uses the DERIVED 20.01% and states the pair rather than choosing,the letter's 20.5% may be a different expense definition (e.g. including interest) - no document states it,Medium (that the pair disagrees); High (the derived ratio)
Walmart,stage1,U.013,B; C; N; boundary,"The company was incorporated as Wal-Mart Stores, Inc. in 1969","corporate.walmart.com/about/history (extract), sources/EXTRACT_corporate_walmart_history_timeline.md",2026-09-23,"The consolidated registrant was created by a pooling-of-interests exchange effective 1970-02-01 out of the various subsidiaries held by Walton Enterprises, Inc.; and lore holds Wal-Mart, Inc. incorporated 15 March 1962","Wal-Mart Stores Inc. FY1972 report Note 1, S0101 (the 15 March 1962 leg is UNATTESTED anywhere on disk)",1972-03-22,"a corporate-history page compresses a multi-entity reorganisation into one anniversary date, and separate lore supplies the missing operating entity with a day and a month; the audited note never claims to be a founding story","the 1970-02-01 pooling is Tier-1, audited and dated to the day; the 1969 claim is Tier-1 as an artifact and uncited as evidence; the 1962 charter has no document at all","the 1962-vs-1969 argument is the wrong frame: the documented event is 1970-02-01 (kept as the live losing rival for the stage close); the 1962 operating entity remains a separate, still-undated question","names, dates and states of every predecessor entity; what Walton Enterprises, Inc. was; whether any 1962 or 1969 charter exists. Arkansas SoS and county records UNTRIED (U.211); EDGAR formerNames search in flight (U.203)",High on 1970-02-01; UNKNOWN on 1962 and 1969
Walmart,stage1,U.014,Header; B; D,"Wal-Mart Stores, Inc. is a Delaware corporation incorporated 1969-10-01",_parts/s1_p1.md header block and §D record D-R03 (an upstream probe assertion carried into a volume header),2026-09-23,"No document in sources/ states a state of incorporation or a 1969 date at day precision: 'Delaware' occurs 0 times across the nine printed annual reports and the company page gives 1969 as a year only, uncited",negative search across WALMART_AR_1972.txt … WALMART_AR_1980.txt; sources/EXTRACT_corporate_walmart_history_timeline.md,1972-03-22 to 1980-04-01,an inherited upstream assertion was never grepped against the corpus (method §14 rule 8); the only 'Delaware' strings in the corpus are a state navigation list in walmart_museum_page.html and an unrelated SEC ticker file,the verified negative covers nine Tier-1 documents; the assertion rests on none,"State: UNKNOWN · Day: UNKNOWN · Date carried: 1969 (company-asserted, year only) · Class: UNKNOWN · the claim is RETRACTED, not restated","whether a charter exists at the Arkansas SoS or in Benton County records (U.211) or whether EDGAR's formerNames field states a state (U.203, in flight)",High (that no local document supports either element)
Walmart,stage1,U.015,D; P; Q,1975-08-19 was the one and only two-for-one stock split in the attested series and no second split exists in the corpus,_parts/s1_p1.md §D record D-R09,2026-09-25,"The corpus prints THREE two-for-one events: 1971-06-11 (1,500,000 shares, $150,000 par charge) and 1972-04-05 (3,000,000 shares, $300,000) inside the audited FY1972 capital note, plus 1975-08-19 (+6,687,789 shares) in the FY1976 report Note 4","Wal-Mart Stores Inc. FY1972 report capital note, S0101; FY1976 report Note 4, S0105",1972-03-22 / 1976-03-26,a count taken from one comparative table instead of from the note that authorises the events,the refutation is printed in two Tier-1 audited documents; the original claim rests on none,"three splits printed, of which exactly one (1975-08-19) falls inside the EPS-restatement dispute — proven by the halving pattern FY1974 $.93 then $.47, i.e. ONE adjustment not two; and 1975-08-19 is OUTSIDE Stage 1's window","whether further splits sit in the FY1981-FY1998 reports (UNTRIED, outside stage, U.220)",High (that the single-split claim is refuted)
Walmart,stage1,U.019,P; A3 §3.6,"FY1972-FY1976 net income as published: 2,907k / 4,591k / 6,159k / 6,353k / 11,506k","Wal-Mart Stores Inc. FY1972-FY1976 reports, S0101-S0105",1976-03-26,"FY1980 ten-year table: 2,806k / 4,439k / 5,954k / 5,995k / 11,132k, with FY1976 pre-tax 22,057k not 22,798k","Wal-Mart Stores Inc. FY1980 report ten-year summary, S0109",1980-04-01,"retroactive application of SFAS-13 to store capital leases, over a base already broken by the LIFO change effective 1975-01-31","both Tier-1, same lineage, same auditors; A is what investors were told at the time, B is the series' final audited shape","quote A for any statement about what was known when and B for comparison with FY1979/FY1980, labelling every figure as-filed or restated; there is no third figure that is 'the real' number",the FY1971-FY1974 restated values are read from OCR-scrambled FY1980 middle rows and whether pre-tax income was restated for those years is not shown; FY1975-FY1978 restated values print clean in FY1979 (COR-A3-03),High (that a restatement occurred); Low (individual pre-1976 restated values)
Walmart,stage1,U.026,A; P,"FY1980 ten-year dividend row: 1976 $.09, 1977 $.11, 1978 $.19, 1979 $.25","Wal-Mart Stores Inc. FY1980 report ten-year summary, S0109",1980-04-01,"Each year's own report: $.065 (FY1976), $.085 (FY1977), $.16 (FY1978, quarterly .025/.045/.045/.045), $.22 (FY1979, four quarters at $.055)","Wal-Mart Stores Inc. FY1976-FY1979 reports, S0105-S0108",1976-03-26 to 1979-04-06,no split factor reconciles the two series ($.09 / .065 = 1.38 is not a split) and the documents supply no bridge; the candidates are a typesetting/OCR failure in the ten-year block or an unstated alternative basis,four contemporaneous prints against one retrospective table whose middle rows are independently known to be OCR-damaged (A2 W-69),the contemporaneous rows govern; the FY1980 row stays on the record as printed and is BARRED from quantitative.csv and from any per-share dividend series (COR-A3-04),why the FY1980 table prints what it does: the FY1980 page image is UNTRIED (U.206),High
Walmart,stage1,U.030,B; Q,FY1973 printed 16 new stores plus 2 enlarged relocations,"Wal-Mart Stores Inc. FY1973 report, S0102",1973-03-20,"FY1973 year-end stores 64 against 51 a year earlier: net +13, implying at least 5 units left the base unlisted; FY1976 by contrast prints 22 openings against a net +21 which closes exactly on the January 1976 Rogers Ben Franklin closure","Wal-Mart Stores Inc. FY1973 and FY1976 reports, S0102 and S0105",1973-03-20 / 1976-03-26,openings are gross and the year-end tables are net; the FY1973 report does not list its exits at all,"one lineage, but the arithmetic is internal and checkable, and FY1976 demonstrates the mechanism","FY1976 reconciles and FY1973 does not; the exits are recorded as UNKNOWN and NOT as variety-store conversions, which no document licenses","which stores, where, under which banner, sold or closed",High (the arithmetic); UNKNOWN (the exits)
Walmart,stage1,U.033,B; D,"Sam Walton opens the first Walmart store (single founder, no co-operator named)","corporate.walmart.com/about/history (extract), sources/EXTRACT_corporate_walmart_history_timeline.md",2026-09-23,"The first Wal-Mart Discount City was opened in 1962 in Rogers, Arkansas by Sam M. Walton and his brother James L. Walton, captioned Wal-Mart's co-founders; J. L. 'Bud' Walton appears in FY1977/FY1979 and as Senior Vice President in FY1974's officer list","Wal-Mart Stores Inc. FY1980 report, S0109; FY1974 officers page, S0103",1980-04-01 / 1974-03-21,an anniversary page compresses the story to one name; the audited-era report names two operators and a board page attests the second as an officer,"the co-founder print is Tier-1 inside the audited document set and is corroborated three times within the same lineage; the single-founder page is Tier-1 as artifact, uncited as evidence. BOTH are the registrant's own record, so the independent-origin count is 1 either way",the co-operator is in the company's own documents and the single-founder form is a curation choice; neither reading is independently evidenced for 1962. Recorded against the single-genius framing (§2),"what either man did in 1962, and who decided: no document in this corpus records either",High (that the two company artifacts disagree); Low (the 1962 event)
Walmart,stage1,U.045,B; C; Q,"Between 1945 and 1962 the Waltons assembled fifteen successful Ben Franklin stores; Beginning in 1945, with a Ben Franklin franchised store in Newport, Arkansas","Wal-Mart Stores Inc. FY1975 and FY1980 reports, S0104 and S0109",1980-04-01,"15 Ben Franklin stores between 1946 and 1962; the brothers formed a partnership in 1946; Bud Walton's Versailles, Missouri store dates to 1946","Wal-Mart Stores Inc. FY1977, FY1978, FY1979 reports, S0106-S0108",1977-04-01 to 1979-04-06,"the second date marks the brothers' partnership and the first Sam's individual franchise, and the reports use both without reconciling them; the label also drifts from 'Ben Franklin stores' to 'variety stores'","equal: one lineage, several reports, three years apart","the stage opens on the claimed 1945 individual franchise, the count's start is printed both ways, and 1946 is flagged as the partnership year; neither year is documented","no deed, franchise agreement or register entry for either year is in this corpus (U.110); Mississippi County (AR) records UNTRIED",Low on both dates; High that the registrant prints both
Walmart,stage1,U.046,A; P; Header,"The company's own page dates '1967 — The Walton family owns 24 stores, ringing up $12.7 million in sales'",sources/EXTRACT_corporate_walmart_history_timeline.md,2026-09-23,"FY1968 (ended 1968-01-31) is the year with 24 stores and net sales $12,618,754; FY1967 prints NOTHING anywhere in the corpus","Wal-Mart Stores Inc. FY1972 report five-year table, S0101; A3 Table S1; A3 §0 fiscal-basis note",1972-03-22,a fiscal year ending 31 January is labelled on the page by its starting calendar year,the audited series is Tier-1 and internally consistent; the page carries the same number with the wrong label,"the page's '1967' is FY1968. Every register row must carry the fiscal basis, and no FY1967 value may be created out of this label — the year is EMPTY, not $12.7 million (the page's '1972 — 51 stores, $78 million' is, by contrast, correct)",none about the mechanism; whether other page labels shift the same way is checkable the same way and was checked for the two rows the page carries,High
Walmart,stage1,U.047,P,"FY1973 net sales $124,889,141 — in FY1973's own presentation and every later comparative print","Wal-Mart Stores Inc. FY1973 report, S0102",1973-03-20,"$124,059,141 printed for FY1973 on the FY1974 report's audited statement pages","Wal-Mart Stores Inc. FY1974 report, audited statement pages (A3-002); the FY1974 own-column is separately missing from the same block",1974-03-21,"a typewriter or OCR transposition in a statement block with a second known defect, which is why FY1974's money is taken from the Five Year Progress Report and not the statement pages",A has many printings (one lineage) and is consistent with FY1973's own totals; B is a single cell in a block already shown to drop cells,"$124,889,141 governs; the misprint is recorded, not deleted",which physical page erred: the FY1974 page image is UNTRIED (U.206),High (claim A); Low (claim B)
Walmart,stage1,U.048,T; register hygiene,_parts/s1_p2.md's merge block issues S0141 = the company's curated history page (and S0142 = the museum page),s1_p2.md >>> REGISTER ROWS FOR MERGE <<< sources.csv block,2026-09-26,research/A5_sec_statistical_lineage_probe.md's pending block issues S0141 = the HathiTrust search/catalogue route probe,A5 §CSV append rows (S0139-S0141 proposed),2026-09-25,"two writers extended the same append-only id block without the central assignment §13 requires; S0139 and S0140 happen to agree, S0141 does not",both rows are genuine content; the identifier is not unique — this is the exact failure class §14 rule 7 records (22 ids each naming three documents),"the merge issues one id per document: keep S0139/S0140 as both blocks have them, assign the next free central ids (S0143+) to the corporate page, the museum page and the HathiTrust probe, then re-point both volumes' prose; the keys gate then resolves","the final numbering, which the register owner owns; this volume depends on none of it because every not-yet-issued id is written backticked [MERGE RESOLUTION 2026-09-26 - final central ids: S0139 SEC issuer register; S0140 SEC Statistical bulletin Nov 1970 (both blocks proposed these identically, one row issued each); S0141 the corporate history page (RETAINED for the page: the merged volumes prose and four timeline rows cite it, so the keep-the-first-come rule is applied in the page favour); S0142 museum page; S0143 PBS; S0144 SCDigest; S0145 EDGAR submissions JSON; S0146 intake stub leads; S0147 A5 HathiTrust route probe (its proposed S0141 re-pointed, its content kept). This deviates from this row own recommendation (S0143+ for all three) deliberately; S0137/S0138 are untouched. Every re-point is written into the affected cell, so no id names two documents and no row was dropped]",High (that the collision exists and is verifiable from the two blocks)
Walmart,stage1,U.044,A5 §Verdict; §What this changes 3 [drafted by research/A5_sec_statistical_lineage_probe.md as U-A5/1; canonical id issued centrally at merge],"The SEC statistical lineage would supply the first government-published, third-party, contemporaneous record naming the company (inference from the 573-record 1970-79 pool whose first page is 52 SEC serials)",A4 §Host-family re-probe items 2-3; S0137 re-walked (S0141),2026-09-25,"The two SEC documents of that family whose text could actually be read name no one: the November 1970 Statistical Bulletin has 0 occurrences and its only naming table is a fixed 100-stock NYSE sample, and the SEC's complete 31 Dec 1970 issuer register has 0 occurrences in 153,481 words",S0140; S0139,1971; 1970-11,"A count from a search index measured which volumes a bot ranked, not which volumes print a name; the naming structure of the bulletin family (fixed sample, aggregate registration tables) and the coverage boundary of the readable copy (IA stops Dec 1971) were both unknown when the inference was made","The two read documents are Tier-1, TLS-verified, complete texts read whole; the inference they contradict rested on a hit count whose text was never opened","The hypothesis is PARTLY CONFIRMED only: the family exists and is partly readable, and for 1970-71 it is closed on its merits. It is NOT closed for 1972-79, where the hits actually came from and where two complete-issuer registers (1978, 1979NO1) sit unopened behind a script-level text wall","Whether any 1972-1979 SEC volume prints 'Wal-Mart Stores' - UNKNOWN, no text reachable (U-A5/1); and whether the NLRB v.26 / FAA aircraft-register hits name the company - UNKNOWN (X-A5/1)",High on the two reads; UNKNOWN on the unread 1972-79 half
