company,stage,gap,why_missing,importance,best_available_evidence,confidence,follow_up_task
Walmart,stage1,Any document naming the company before 1972-03-22,"The corpus contains none. Nine printed reports start FY1972; EDGAR's electronic history starts 1994-02-14; web archives start 1996-12-29; the whole periodical family returned zero namings across 13 BW index volumes, 8 *Stores* apparatuses and 2 SEC government documents",High,"The absence is itself the evidence, and it is measured: S0112–S0136, A5-03/A5-04, nine-file enumeration",High (that the corpus is silent) — NOT a null about the world,"RUN THE HELD-BUT-UNREAD ROUTES (mining agent in flight): the on-disk `sources/periodicals/ia_arkgaz.json`, `ia_satpost.json`, `ia_supermerch.json`, `ca_01_waltons_five.json`, `gb_01_waltons_five_and_dime.json` have never been mined; the HathiTrust 573-record 1970s pool and the NLRB/FAA registers are identified but unread | Drafted at s1_p3.md S.1 (register body for data_gaps.csv); section anchors: U.101, U.202, U.207, U.208"
Walmart,stage1,"FY1962–FY1967: sales, stores, earnings, balance sheet, square footage, headcount — every variable","Empty in all nine reports, and not restatable from them: S0103's five-year table starts FY1970 and S0107's nine-year table starts FY1970",High,"FY1968 is the floor ($12,618,754, 24 stores, pro forma)",High (EMPTY within the nine-report perimeter),"the FY1970/FY1971 reports (proven absent from IA by `ia_q_92a4542e.json`, numFound 0, but that host is not the corpus): try Hoover's, WorldCat/LOC holdings, SEC Reference Room paper; and a non-company contemporaneous count (Chain Store Age directory 1963–1970) | Drafted at s1_p3.md S.1 (register body for data_gaps.csv); section anchors: U.102, U.210, U.213"
Walmart,stage1,"FY1968–FY1969 cost of sales, expense rows, balance sheet, shares, headcount, square footage",The FY1972 five-year table carries only sales / pre-tax / pro-forma income / EPS / stores,Medium-High,"§P rows P02–P07, P05, P07",High (EMPTY in perimeter),FY1969/FY1970 reports; county assessor and chain directories | Drafted at s1_p3.md S.1 (register body for data_gaps.csv); section anchors: U.102
Walmart,stage1,"The 1970 offering's terms as filed — gross price, proceeds line, underwriter, registration-statement text",The note gives the accounting effect only. $16.50 exists solely on an uncited company page; the derived net $15.15 has no licensed bridge to it,High,S0101 capital note; §P rows P43–P46,High (the note) / UNKNOWN (the price),"FETCH REQUEST: the 1970 registration statement — EDGAR full-text and the SEC Reference Room / National Archives (never queried by any pass of this project) | Drafted at s1_p3.md S.1 (register body for data_gaps.csv); section anchors: U.031, U.210"
Walmart,stage1,"Which legal persons did what, 1945–1970 — predecessor subsidiaries' names, dates, states; what Walton Enterprises, Inc. was; which of the fifteen stores entered the pool","The reports say ""the various subsidiaries"" and never enumerate them; the 1969 claim is year-only and uncited; ""Delaware"" occurs 0 times in all nine reports",High,S0101 Note 1 and Note 6 (separate returns ⇒ multiple persons); part 1 §B.0,High (that the record is silent); UNKNOWN (the entities),"LOCAL FIRST: `sources/probe_SEC_tickers.json` + the two EDGAR submission JSONs carry a `formerNames` field — an EDGAR former-name / state-of-incorporation search is the shortest remaining path and is in flight with the mining agent; then Arkansas SoS and Benton / Mississippi County records | Drafted at s1_p3.md S.1 (register body for data_gaps.csv); section anchors: U.013, U.014, U.108, U.203, U.211"
Walmart,stage1,"The 1945 and 1946 events themselves — franchise agreement, lease, deed, partnership instrument, firm name",Six dated company restatements (FY1973→FY1980) attest *the telling*; nothing attests *the told*,High,S0102–S0109; `timeline.csv` 1945 row (FOUNDER CLAIM/Low),Low,"Mississippi County, Arkansas records and Newport *Daily Sun* — note the fleet brief aimed at Nebraska was an artefact of an internal error (U.011); Chronicling America queries to date have searched ""waltons newport mo"", the wrong state | Drafted at s1_p3.md S.1 (register body for data_gaps.csv); section anchors: U.110, U.206, U.211"
Walmart,stage1,"The 1962 opening's observable facts — opening day, takings, prices, floor area, crowd, stock","No 1962 press item in hand names the firm; the flyer image has never been read; the ""6,000 sq ft / 45,000 items / $1,402"" folklore returns zero hits across the nine reports",High,"S0103 (first to date 1962, 1974-03-21); S0109 names J. L. Walton as co-operator","Low / UNTRACEABLE; the ""$1,402"" claim has no pre-1992 source anywhere in this corpus","read the catalogued 1962 ""First Walmart Advertisement"" image (the museum entry is on disk; A2 W-77 records the image path but says it has never been read); Arkansas/Missouri local print | Drafted at s1_p3.md S.1 (register body for data_gaps.csv); section anchors: U.001, U.110, U.033, U.214"
Walmart,stage1,"Total store square footage before FY1976; headcount for FY1973, FY1976, FY1978; any market price before FY1975; any comparable-store figure except FY1978","The reports print additions only, one employee chart is OCR-damaged, FY1978's figure was not found this pass, price tables begin in the FY1976 report, and only one same-store sentence exists",Medium,"§P rows P56–P59, P53, P38",High (EMPTY within the nine files),"page-image re-walk of the FY1976 employee chart and the FY1978 profile pages (`_text.pdf` leads are declared in each file's own metadata; `S0111`); Management's Analysis pages of FY1979/FY1980 | Drafted at s1_p3.md S.1 (register body for data_gaps.csv); section anchors: U.105, U.106, U.107, U.114, U.205, U.206, U.217"
Walmart,stage1,"FY1975's printed top line ($226,209 vs $236,209) and the FY1970 net-income cell and the FY1973 share count","All three are machine failures on the text layer, not company errors: the FY1975 own-column numerals dropped everywhere in that file; the FY1978 table's cell is internally inconsistent; the FY1973 count differs by 400 shares between two prints and one document prints both","Medium-High (each is a live conflict, none is immaterial to a register row)","§P rows P27, P10, P22; A3-023's inversion arithmetic",Medium-High / Medium / Medium,"one cheap fetch settles all three: the declared page-image PDFs (`_text.pdf`, 3,243,815 B / 3,706,555 B for FY1974-FY1975) — FETCH REQUEST, in flight | Drafted at s1_p3.md S.1 (register body for data_gaps.csv); section anchors: U.016, U.017, U.018, U.205, U.206"
Walmart,stage1,Whether the trade press's silence is informative,Only 7 of ~200 *Stores* monthly issues and 5 subject-only annual indexes have been read; the genre that would actually name a member store — an NRDGA/NRMA membership roster or chain directory — is absent from this corpus,High,"S0125–S0133; A4-18, A4-29, A4-40; §P rows P79",Medium,"a designed sample of ~10 roster-bearing issues (convention and membership numbers), not a sweep; plus the roster question itself | Drafted at s1_p3.md S.1 (register body for data_gaps.csv); section anchors: U.111, U.113, U.212"
Walmart,stage1,Whether any competitor or third party ever counted Wal-Mart's stores before 1972 — A3 §7.2(d)'s named missing witness,"*Chain Store Age*'s annual ""Directory of Chain Stores"" is the exact instrument and sits behind the blocked Google Books route; D&B / Hoover's firm reports were never reached",High,A3 §7.2(d); A2/A4 route logs,UNKNOWN,"FETCH REQUEST (off-environment or keyed): Chain Store Age 1963–1970; *Discount Store News* / *Discount Merchandising* 1962–1970; D&B discount volumes; AUDITS & Surveys; the Cornell discount-chain study the company itself cites in FY1973 (S0102 W-38, never located) | Drafted at s1_p3.md S.1 (register body for data_gaps.csv); section anchors: U.113, U.213"
Walmart,stage1,What the founder decided and why — every rationale in §N,No document before March 1972 records a choice; the 1992 memoir's bytes are not in this repository and it is not admitted as evidence,High,"part 1 §B.1; §N.1's eight rows, all with `Rationale: NOT STATED`","UNKNOWN — and this is a finding, not a failure of search: it is the record-selection null (§2)","memoir as a text (library interprint, not this machine); internal-corporate papers at a repository; U.219 | Drafted at s1_p3.md S.1 (register body for data_gaps.csv); section anchors: U.109, U.110, U.219"
Walmart,stage1,The 1970-08-27 / 1970-09-03 first-trade cluster used by some accounts as the opening of Stage 2,Not on disk at all; part 1 §C.0 records the rejected candidate as UNKNOWN,Medium,part 1 boundary table,"UNKNOWN, and not asserted","an exchange- or quotation-record fetch (outside Stage 1's evidence classes so far); the 1972/1978 SEC issuer registers would at least date the *listing* leg | Drafted at s1_p3.md S.1 (register body for data_gaps.csv); section anchors: U.201, U.216"
Walmart,stage1,Whether the annual-report genre simply had no place for a founding rationale — the one alternative explanation for §C's central silence,Untestable on a corpus whose only company documents are annual reports,Medium,part 1 §C.1 coda,UNKNOWN,"read a different company's 1950s–60s printed reports as a control (genre test, non-Walmart); or the company's own non-report print (stockholder letters, newsletters, meeting transcripts) | Drafted at s1_p3.md S.1 (register body for data_gaps.csv); section anchors: U.222"
Walmart,stage1,"No document of any kind in this corpus names the company before 1972-03-22 [TRANSCRIBED AT MERGE 2026-09-26 from s1_p3.md U.2 (documented nulls) so that the U.1nn anchor this row carries has a register row; it is a null-with-a-perimeter, not a search failure]","Stated perimeter, verbatim from U.2: the nine reports; 13 BW index volumes (S0112–S0124); 8 *Stores* apparatuses (S0125–S0133); 2 SEC government documents (`S0139`, `S0140`); EDGAR (floor 1994-02-14); web archives (floor 1996-12-29). NOT the whole of print","UNKNOWN - U.2 states the null and its confidence, not an importance grade; the merge does not infer one (s13: an importance grade is a judgment, and s15.1 reserves it to agents)",The perimeter sentence is the best available evidence: it bounds exactly what the silence licenses. Anchor row in the narrative: U.101,High,U.2 route/null anchor U.101 | follow-up: none assigned by the part; the next pass reads it against the sources named in the perimeter cell
Walmart,stage1,"FY1962–FY1967 — every financial and physical variable EMPTY; earliest counted year FY1968 [TRANSCRIBED AT MERGE 2026-09-26 from s1_p3.md U.2 (documented nulls) so that the U.1nn anchor this row carries has a register row; it is a null-with-a-perimeter, not a search failure]","Stated perimeter, verbatim from U.2: nine reports, all summary tables and narrative pages; the FY1974 five-year table starts FY1970 and the FY1978 nine-year table starts FY1970, so later restatement cannot reach it either","UNKNOWN - U.2 states the null and its confidence, not an importance grade; the merge does not infer one (s13: an importance grade is a judgment, and s15.1 reserves it to agents)",The perimeter sentence is the best available evidence: it bounds exactly what the silence licenses. Anchor row in the narrative: U.102,High,U.2 route/null anchor U.102 | follow-up: none assigned by the part; the next pass reads it against the sources named in the perimeter cell
Walmart,stage1,"FY1968–FY1969 cost of sales, expense, balance sheet, shares, headcount, square footage [TRANSCRIBED AT MERGE 2026-09-26 from s1_p3.md U.2 (documented nulls) so that the U.1nn anchor this row carries has a register row; it is a null-with-a-perimeter, not a search failure]","Stated perimeter, verbatim from U.2: same perimeter","UNKNOWN - U.2 states the null and its confidence, not an importance grade; the merge does not infer one (s13: an importance grade is a judgment, and s15.1 reserves it to agents)",The perimeter sentence is the best available evidence: it bounds exactly what the silence licenses. Anchor row in the narrative: U.103,High,U.2 route/null anchor U.103 | follow-up: none assigned by the part; the next pass reads it against the named UNTRIED route in s1_p3.md U.3 (see the U.2xx rows in this file)
Walmart,stage1,"No FY1970 or FY1971 annual report exists on this route [TRANSCRIBED AT MERGE 2026-09-26 from s1_p3.md U.2 (documented nulls) so that the U.1nn anchor this row carries has a register row; it is a null-with-a-perimeter, not a search failure]","Stated perimeter, verbatim from U.2: IA `title:(""wal-mart"") AND year:[1962 TO 1971]` → numFound 0; admissible because the same query style returns known-good hits in the same index. Hoover's / LOC-WorldCat / SEC Reference Room UNTRIED","UNKNOWN - U.2 states the null and its confidence, not an importance grade; the merge does not infer one (s13: an importance grade is a judgment, and s15.1 reserves it to agents)",The perimeter sentence is the best available evidence: it bounds exactly what the silence licenses. Anchor row in the narrative: U.104,High (as an IA-holdings null; not a loss null),U.2 route/null anchor U.104 | follow-up: none assigned by the part; the next pass reads it against the sources named in the perimeter cell
Walmart,stage1,"No total store square footage before FY1976 [TRANSCRIBED AT MERGE 2026-09-26 from s1_p3.md U.2 (documented nulls) so that the U.1nn anchor this row carries has a register row; it is a null-with-a-perimeter, not a search failure]","Stated perimeter, verbatim from U.2: FY1972–FY1975 print additions only","UNKNOWN - U.2 states the null and its confidence, not an importance grade; the merge does not infer one (s13: an importance grade is a judgment, and s15.1 reserves it to agents)",The perimeter sentence is the best available evidence: it bounds exactly what the silence licenses. Anchor row in the narrative: U.105,High,U.2 route/null anchor U.105 | follow-up: none assigned by the part; the next pass reads it against the sources named in the perimeter cell
Walmart,stage1,"No market price before FY1975 anywhere in the corpus [TRANSCRIBED AT MERGE 2026-09-26 from s1_p3.md U.2 (documented nulls) so that the U.1nn anchor this row carries has a register row; it is a null-with-a-perimeter, not a search failure]","Stated perimeter, verbatim from U.2: earliest price table is in the FY1976 report, reaching back only to fiscal 1975","UNKNOWN - U.2 states the null and its confidence, not an importance grade; the merge does not infer one (s13: an importance grade is a judgment, and s15.1 reserves it to agents)",The perimeter sentence is the best available evidence: it bounds exactly what the silence licenses. Anchor row in the narrative: U.106,High,U.2 route/null anchor U.106 | follow-up: none assigned by the part; the next pass reads it against the sources named in the perimeter cell
Walmart,stage1,"No comparable-store figure for any year except FY1978 (plus the FY1972 cohort sentence) [TRANSCRIBED AT MERGE 2026-09-26 from s1_p3.md U.2 (documented nulls) so that the U.1nn anchor this row carries has a register row; it is a null-with-a-perimeter, not a search failure]","Stated perimeter, verbatim from U.2: nine reports; FY1979/FY1980 Management's Analysis not re-walked (U.217)","UNKNOWN - U.2 states the null and its confidence, not an importance grade; the merge does not infer one (s13: an importance grade is a judgment, and s15.1 reserves it to agents)",The perimeter sentence is the best available evidence: it bounds exactly what the silence licenses. Anchor row in the narrative: U.107,High,U.2 route/null anchor U.107 | follow-up: none assigned by the part; the next pass reads it against the sources named in the perimeter cell
Walmart,stage1,"No legal person named for 1945–1962; the predecessor subsidiaries are never enumerated; the outcome of the IRS proposals is not stated [TRANSCRIBED AT MERGE 2026-09-26 from s1_p3.md U.2 (documented nulls) so that the U.1nn anchor this row carries has a register row; it is a null-with-a-perimeter, not a search failure]","Stated perimeter, verbatim from U.2: nine reports; the reports say ""the various subsidiaries""","UNKNOWN - U.2 states the null and its confidence, not an importance grade; the merge does not infer one (s13: an importance grade is a judgment, and s15.1 reserves it to agents)",The perimeter sentence is the best available evidence: it bounds exactly what the silence licenses. Anchor row in the narrative: U.108,High,U.2 route/null anchor U.108 | follow-up: none assigned by the part; the next pass reads it against the named UNTRIED route in s1_p3.md U.3 (see the U.2xx rows in this file)
Walmart,stage1,"No document states the problem the 1962 format answered, or any rationale for any in-window decision [TRANSCRIBED AT MERGE 2026-09-26 from s1_p3.md U.2 (documented nulls) so that the U.1nn anchor this row carries has a register row; it is a null-with-a-perimeter, not a search failure]","Stated perimeter, verbatim from U.2: nine reports + all company/press/agency documents read. §C's ""single most consequential silence""","UNKNOWN - U.2 states the null and its confidence, not an importance grade; the merge does not infer one (s13: an importance grade is a judgment, and s15.1 reserves it to agents)",The perimeter sentence is the best available evidence: it bounds exactly what the silence licenses. Anchor row in the narrative: U.109,High,U.2 route/null anchor U.109 | follow-up: none assigned by the part; the next pass reads it against the named UNTRIED route in s1_p3.md U.3 (see the U.2xx rows in this file)
Walmart,stage1,"No 1945, 1946, 1950 or 1962 primary document (agreement, lease, deed, permit, register tape, photograph, press item) [TRANSCRIBED AT MERGE 2026-09-26 from s1_p3.md U.2 (documented nulls) so that the U.1nn anchor this row carries has a register row; it is a null-with-a-perimeter, not a search failure]","Stated perimeter, verbatim from U.2: whole corpus; the museum's 1950 bill of sale and the 1962 advertisement image are leads, not bytes","UNKNOWN - U.2 states the null and its confidence, not an importance grade; the merge does not infer one (s13: an importance grade is a judgment, and s15.1 reserves it to agents)",The perimeter sentence is the best available evidence: it bounds exactly what the silence licenses. Anchor row in the narrative: U.110,High,U.2 route/null anchor U.110 | follow-up: none assigned by the part; the next pass reads it against the sources named in the perimeter cell
Walmart,stage1,"7 of ~200 *Stores* monthly issues 1945–1961 name nobody relevant (1946-06, 1950-06, 1951-06, 1955-06, 1958-06, 1961-03, 1961-12); all five *Stores* annual indexes that exist on this route carry zero Wal-Mart entries [TRANSCRIBED AT MERGE 2026-09-26 from s1_p3.md U.2 (documented nulls) so that the U.1nn anchor this row carries has a register row; it is a null-with-a-perimeter, not a search failure]","Stated perimeter, verbatim from U.2: 193 issues UNTRIED (U.212); the annual index is subject-only, so a zero means ""not indexed under that word""","UNKNOWN - U.2 states the null and its confidence, not an importance grade; the merge does not infer one (s13: an importance grade is a judgment, and s15.1 reserves it to agents)",The perimeter sentence is the best available evidence: it bounds exactly what the silence licenses. Anchor row in the narrative: U.111,"Medium; the licensed sentence is ""the issues sampled do not name it""",U.2 route/null anchor U.111 | follow-up: none assigned by the part; the next pass reads it against the named UNTRIED route in s1_p3.md U.3 (see the U.2xx rows in this file)
Walmart,stage1,"The SEC's complete register of exchange-traded issuers at 1970-12-31 prints the company 0 times in 153,481 words [TRANSCRIBED AT MERGE 2026-09-26 from s1_p3.md U.2 (documented nulls) so that the U.1nn anchor this row carries has a register row; it is a null-with-a-perimeter, not a search failure]","Stated perimeter, verbatim from U.2: exchange-listed securities only: not Securities Act registrants, not §12(g)/OTC registrants, §3(a)-exempted issues excepted. W-block legible (WALGREEN…WALWORTH), so OCR loss excluded","UNKNOWN - U.2 states the null and its confidence, not an importance grade; the merge does not infer one (s13: an importance grade is a judgment, and s15.1 reserves it to agents)",The perimeter sentence is the best available evidence: it bounds exactly what the silence licenses. Anchor row in the narrative: U.112,"High — informative, and the only independent datum in Stage 1",U.2 route/null anchor U.112 | follow-up: none assigned by the part; the next pass reads it against the named UNTRIED route in s1_p3.md U.3 (see the U.2xx rows in this file)
Walmart,stage1,"No press figure for this company in any year 1962–1980 has been recovered [TRANSCRIBED AT MERGE 2026-09-26 from s1_p3.md U.2 (documented nulls) so that the U.1nn anchor this row carries has a register row; it is a null-with-a-perimeter, not a search failure]","Stated perimeter, verbatim from U.2: every item read in A4; the row is recorded as EMPTY-within-the-corpus and the independent-lineage count stays at 1 — a sector number is never substituted for a company number","UNKNOWN - U.2 states the null and its confidence, not an importance grade; the merge does not infer one (s13: an importance grade is a judgment, and s15.1 reserves it to agents)",The perimeter sentence is the best available evidence: it bounds exactly what the silence licenses. Anchor row in the narrative: U.113,High,U.2 route/null anchor U.113 | follow-up: none assigned by the part; the next pass reads it against the named UNTRIED route in s1_p3.md U.3 (see the U.2xx rows in this file)
Walmart,stage1,"FY1973, FY1976 and FY1978 headcount UNKNOWN; FY1976's employee chart is OCR-damaged [TRANSCRIBED AT MERGE 2026-09-26 from s1_p3.md U.2 (documented nulls) so that the U.1nn anchor this row carries has a register row; it is a null-with-a-perimeter, not a search failure]","Stated perimeter, verbatim from U.2: nine reports; page images UNTRIED (U.206)","UNKNOWN - U.2 states the null and its confidence, not an importance grade; the merge does not infer one (s13: an importance grade is a judgment, and s15.1 reserves it to agents)",The perimeter sentence is the best available evidence: it bounds exactly what the silence licenses. Anchor row in the narrative: U.114,High (that the numbers are absent),U.2 route/null anchor U.114 | follow-up: none assigned by the part; the next pass reads it against the named UNTRIED route in s1_p3.md U.3 (see the U.2xx rows in this file)
Walmart,stage1,"The company's own curated timeline is silent about everything before July 1962 — no Newport, no 1950 Bentonville store, no lease-loss story, no Bud Walton, no Plaza store [TRANSCRIBED AT MERGE 2026-09-26 from s1_p3.md U.2 (documented nulls) so that the U.1nn anchor this row carries has a register row; it is a null-with-a-perimeter, not a search failure]","Stated perimeter, verbatim from U.2: one document, but a *finding about curation*: the self-narrative omits the very years the annual reports narrate, so page and reports cannot be counted twice","UNKNOWN - U.2 states the null and its confidence, not an importance grade; the merge does not infer one (s13: an importance grade is a judgment, and s15.1 reserves it to agents)",The perimeter sentence is the best available evidence: it bounds exactly what the silence licenses. Anchor row in the narrative: U.115,High (documented absence on a document on disk),U.2 route/null anchor U.115 | follow-up: none assigned by the part; the next pass reads it against the named UNTRIED route in s1_p3.md U.3 (see the U.2xx rows in this file)
Walmart,stage1,"No dividend row exists before FY1974 in any print, and FY1974's own table has none [TRANSCRIBED AT MERGE 2026-09-26 from s1_p3.md U.2 (documented nulls) so that the U.1nn anchor this row carries has a register row; it is a null-with-a-perimeter, not a search failure]","Stated perimeter, verbatim from U.2: the first evidenced payment is $.025 on 1974-04-05, RESTAT in S0107's nine-year table","UNKNOWN - U.2 states the null and its confidence, not an importance grade; the merge does not infer one (s13: an importance grade is a judgment, and s15.1 reserves it to agents)",The perimeter sentence is the best available evidence: it bounds exactly what the silence licenses. Anchor row in the narrative: U.116,High,U.2 route/null anchor U.116 | follow-up: none assigned by the part; the next pass reads it against the sources named in the perimeter cell
Walmart,stage1,1972–1979 SEC issuer registers (1978 *Securities traded*; 1979NO1 §13(f) list) [TRANSCRIBED AT MERGE 2026-09-26 from s1_p3.md U.3 (UNANSWERED and UNTRIED routes) so that the U.2nn anchor this row carries has a register row; s14 rule 6 requires an untried route to stay on the register rather than be re-burned],"FETCH REQUEST — in flight (state as the part recorded it; this is a statement about this environment or about what was never attempted, never a null about the past)","UNKNOWN - U.3 states a route state, not an importance grade; not inferred at merge (s13)","The route description in the U.3 row, plus its owning agent; detail in s1_p3.md U.3 and in UNTRIED ROUTES, CARRIED FORWARD (stage_1_part_2.md)",UNKNOWN (route state: FETCH REQUEST — in flight),Owner at release time: mining agent | anchor U.201
Walmart,stage1,"On-disk but unmined `ia_arkgaz.json`, `ia_satpost.json`, `ia_supermerch.json`, `ca_01_waltons_five.json`, `gb_01_waltons_five_and_dime.json` [TRANSCRIBED AT MERGE 2026-09-26 from s1_p3.md U.3 (UNANSWERED and UNTRIED routes) so that the U.2nn anchor this row carries has a register row; s14 rule 6 requires an untried route to stay on the register rather than be re-burned]","FETCH/FILE REQUEST — in flight (state as the part recorded it; this is a statement about this environment or about what was never attempted, never a null about the past)","UNKNOWN - U.3 states a route state, not an importance grade; not inferred at merge (s13)","The route description in the U.3 row, plus its owning agent; detail in s1_p3.md U.3 and in UNTRIED ROUTES, CARRIED FORWARD (stage_1_part_2.md)",UNKNOWN (route state: FETCH/FILE REQUEST — in flight),Owner at release time: mining agent | anchor U.202
Walmart,stage1,EDGAR `formerNames` / former-name + state-of-incorporation search (local) [TRANSCRIBED AT MERGE 2026-09-26 from s1_p3.md U.3 (UNANSWERED and UNTRIED routes) so that the U.2nn anchor this row carries has a register row; s14 rule 6 requires an untried route to stay on the register rather than be re-burned],"in flight (state as the part recorded it; this is a statement about this environment or about what was never attempted, never a null about the past)","UNKNOWN - U.3 states a route state, not an importance grade; not inferred at merge (s13)","The route description in the U.3 row, plus its owning agent; detail in s1_p3.md U.3 and in UNTRIED ROUTES, CARRIED FORWARD (stage_1_part_2.md)",UNKNOWN (route state: in flight),Owner at release time: mining agent | anchor U.203
Walmart,stage1,"FY1976 origin-wording re-walk (`WALMART_AR_1976.txt`, A2's partially-OCR'd W-50) [TRANSCRIBED AT MERGE 2026-09-26 from s1_p3.md U.3 (UNANSWERED and UNTRIED routes) so that the U.2nn anchor this row carries has a register row; s14 rule 6 requires an untried route to stay on the register rather than be re-burned]","FETCH REQUEST — in flight (state as the part recorded it; this is a statement about this environment or about what was never attempted, never a null about the past)","UNKNOWN - U.3 states a route state, not an importance grade; not inferred at merge (s13)","The route description in the U.3 row, plus its owning agent; detail in s1_p3.md U.3 and in UNTRIED ROUTES, CARRIED FORWARD (stage_1_part_2.md)",UNKNOWN (route state: FETCH REQUEST — in flight),Owner at release time: mining agent | anchor U.204
Walmart,stage1,FY1975 page-image digit test (`_text.pdf`) → settles U.016 [TRANSCRIBED AT MERGE 2026-09-26 from s1_p3.md U.3 (UNANSWERED and UNTRIED routes) so that the U.2nn anchor this row carries has a register row; s14 rule 6 requires an untried route to stay on the register rather than be re-burned],"FETCH REQUEST — in flight; declared `S0111` lead (state as the part recorded it; this is a statement about this environment or about what was never attempted, never a null about the past)","UNKNOWN - U.3 states a route state, not an importance grade; not inferred at merge (s13)","The route description in the U.3 row, plus its owning agent; detail in s1_p3.md U.3 and in UNTRIED ROUTES, CARRIED FORWARD (stage_1_part_2.md)",UNKNOWN (route state: FETCH REQUEST — in flight; declared `S0111` lead),Owner at release time: mining agent | anchor U.205
Walmart,stage1,"Page images FY1974/77/78/79 → U.017, U.018, U.026, U.047, FY1975 balance sheet, FY1976 chart [TRANSCRIBED AT MERGE 2026-09-26 from s1_p3.md U.3 (UNANSWERED and UNTRIED routes) so that the U.2nn anchor this row carries has a register row; s14 rule 6 requires an untried route to stay on the register rather than be re-burned]","UNTRIED (state as the part recorded it; this is a statement about this environment or about what was never attempted, never a null about the past)","UNKNOWN - U.3 states a route state, not an importance grade; not inferred at merge (s13)","The route description in the U.3 row, plus its owning agent; detail in s1_p3.md U.3 and in UNTRIED ROUTES, CARRIED FORWARD (stage_1_part_2.md)",UNKNOWN (route state: UNTRIED),Owner at release time: — | anchor U.206
Walmart,stage1,HathiTrust full-view page text (the 573-record pool; 52 SEC serials) [TRANSCRIBED AT MERGE 2026-09-26 from s1_p3.md U.3 (UNANSWERED and UNTRIED routes) so that the U.2nn anchor this row carries has a register row; s14 rule 6 requires an untried route to stay on the register rather than be re-burned],"UNANSWERED (403 on `/cgi/pt` and `/cgi/imgsrv/html`; search and catalog answer) (state as the part recorded it; this is a statement about this environment or about what was never attempted, never a null about the past)","UNKNOWN - U.3 states a route state, not an importance grade; not inferred at merge (s13)","The route description in the U.3 row, plus its owning agent; detail in s1_p3.md U.3 and in UNTRIED ROUTES, CARRIED FORWARD (stage_1_part_2.md)",UNKNOWN (route state: UNANSWERED (403 on `/cgi/pt` and `/cgi/imgsrv/html`; search and catalog answer)),Owner at release time: — | anchor U.207
Walmart,stage1,"NLRB *Court decisions* v.26 (1973–74), *Decisions and orders* v.201 (1973); FAA *civil aircraft register* 1971–78 [TRANSCRIBED AT MERGE 2026-09-26 from s1_p3.md U.3 (UNANSWERED and UNTRIED routes) so that the U.2nn anchor this row carries has a register row; s14 rule 6 requires an untried route to stay on the register rather than be re-burned]","UNTRIED (`X-A5/1`) — the most probable positive-naming class ever located here (state as the part recorded it; this is a statement about this environment or about what was never attempted, never a null about the past)","UNKNOWN - U.3 states a route state, not an importance grade; not inferred at merge (s13)","The route description in the U.3 row, plus its owning agent; detail in s1_p3.md U.3 and in UNTRIED ROUTES, CARRIED FORWARD (stage_1_part_2.md)",UNKNOWN (route state: UNTRIED (`X-A5/1`) — the most probable positive-naming class ever located here),Owner at release time: — | anchor U.208
Walmart,stage1,SEC *Directory of companies filing annual reports* 1970/1971/1972 [TRANSCRIBED AT MERGE 2026-09-26 from s1_p3.md U.3 (UNANSWERED and UNTRIED routes) so that the U.2nn anchor this row carries has a register row; s14 rule 6 requires an untried route to stay on the register rather than be re-burned],"UNTRIED (`X-A5/4`) (state as the part recorded it; this is a statement about this environment or about what was never attempted, never a null about the past)","UNKNOWN - U.3 states a route state, not an importance grade; not inferred at merge (s13)","The route description in the U.3 row, plus its owning agent; detail in s1_p3.md U.3 and in UNTRIED ROUTES, CARRIED FORWARD (stage_1_part_2.md)",UNKNOWN (route state: UNTRIED (`X-A5/4`)),Owner at release time: — | anchor U.209
Walmart,stage1,1970 registration statement: EDGAR full-text + SEC Reference Room / National Archives [TRANSCRIBED AT MERGE 2026-09-26 from s1_p3.md U.3 (UNANSWERED and UNTRIED routes) so that the U.2nn anchor this row carries has a register row; s14 rule 6 requires an untried route to stay on the register rather than be re-burned],"UNTRIED (`X-A5/3`) — the only accession-numbered route to the IPO years (state as the part recorded it; this is a statement about this environment or about what was never attempted, never a null about the past)","UNKNOWN - U.3 states a route state, not an importance grade; not inferred at merge (s13)","The route description in the U.3 row, plus its owning agent; detail in s1_p3.md U.3 and in UNTRIED ROUTES, CARRIED FORWARD (stage_1_part_2.md)",UNKNOWN (route state: UNTRIED (`X-A5/3`) — the only accession-numbered route to the IPO years),Owner at release time: — | anchor U.210
Walmart,stage1,Arkansas SoS; Benton County and Mississippi County deed/incorporation files [TRANSCRIBED AT MERGE 2026-09-26 from s1_p3.md U.3 (UNANSWERED and UNTRIED routes) so that the U.2nn anchor this row carries has a register row; s14 rule 6 requires an untried route to stay on the register rather than be re-burned],"UNTRIED (state as the part recorded it; this is a statement about this environment or about what was never attempted, never a null about the past)","UNKNOWN - U.3 states a route state, not an importance grade; not inferred at merge (s13)","The route description in the U.3 row, plus its owning agent; detail in s1_p3.md U.3 and in UNTRIED ROUTES, CARRIED FORWARD (stage_1_part_2.md)",UNKNOWN (route state: UNTRIED),Owner at release time: — | anchor U.211
Walmart,stage1,remaining ~193 *Stores* monthlies + the NRDGA/NRMA membership roster / chain directory [TRANSCRIBED AT MERGE 2026-09-26 from s1_p3.md U.3 (UNANSWERED and UNTRIED routes) so that the U.2nn anchor this row carries has a register row; s14 rule 6 requires an untried route to stay on the register rather than be re-burned],"UNTRIED (state as the part recorded it; this is a statement about this environment or about what was never attempted, never a null about the past)","UNKNOWN - U.3 states a route state, not an importance grade; not inferred at merge (s13)","The route description in the U.3 row, plus its owning agent; detail in s1_p3.md U.3 and in UNTRIED ROUTES, CARRIED FORWARD (stage_1_part_2.md)",UNKNOWN (route state: UNTRIED),Owner at release time: — | anchor U.212
Walmart,stage1,"*Chain Store Age* ""Directory of Chain Stores"" 1963–1970; *Discount Store News*; *Discount Merchandising*; D&B discount volumes; AUDITS & Surveys; the Cornell study; Hoover's [TRANSCRIBED AT MERGE 2026-09-26 from s1_p3.md U.3 (UNANSWERED and UNTRIED routes) so that the U.2nn anchor this row carries has a register row; s14 rule 6 requires an untried route to stay on the register rather than be re-burned]","UNTRIED / route-blocked — A3 §7.2(d)'s named missing witness (state as the part recorded it; this is a statement about this environment or about what was never attempted, never a null about the past)","UNKNOWN - U.3 states a route state, not an importance grade; not inferred at merge (s13)","The route description in the U.3 row, plus its owning agent; detail in s1_p3.md U.3 and in UNTRIED ROUTES, CARRIED FORWARD (stage_1_part_2.md)",UNKNOWN (route state: UNTRIED / route-blocked — A3 §7.2(d)'s named missing witness),Owner at release time: — | anchor U.213
Walmart,stage1,"the catalogued 1962 ""First Walmart Advertisement"" image [TRANSCRIBED AT MERGE 2026-09-26 from s1_p3.md U.3 (UNANSWERED and UNTRIED routes) so that the U.2nn anchor this row carries has a register row; s14 rule 6 requires an untried route to stay on the register rather than be re-burned]","UNTRIED read (state as the part recorded it; this is a statement about this environment or about what was never attempted, never a null about the past)","UNKNOWN - U.3 states a route state, not an importance grade; not inferred at merge (s13)","The route description in the U.3 row, plus its owning agent; detail in s1_p3.md U.3 and in UNTRIED ROUTES, CARRIED FORWARD (stage_1_part_2.md)",UNKNOWN (route state: UNTRIED read),Owner at release time: — | anchor U.214
Walmart,stage1,"the FY1972 report's direct-server text layer (23,989 B) and the 27-item FY1972–FY1998 run list held in `00_universe/harvest/corporate_print/`, unread by every Stage-1 dossier [TRANSCRIBED AT MERGE 2026-09-26 from s1_p3.md U.3 (UNANSWERED and UNTRIED routes) so that the U.2nn anchor this row carries has a register row; s14 rule 6 requires an untried route to stay on the register rather than be re-burned]","ARRIVED DURING THE RUN — being read now (§14 rule 11) (state as the part recorded it; this is a statement about this environment or about what was never attempted, never a null about the past)","UNKNOWN - U.3 states a route state, not an importance grade; not inferred at merge (s13)","The route description in the U.3 row, plus its owning agent; detail in s1_p3.md U.3 and in UNTRIED ROUTES, CARRIED FORWARD (stage_1_part_2.md)",UNKNOWN (route state: ARRIVED DURING THE RUN — being read now (§14 rule 11)),Owner at release time: mining agent | anchor U.215
Walmart,stage1,"Wayback `matchType=prefix` (HTTP 504); December 1970 SEC bulletin (HTTP 500, one attempt); Google Books keyed v1 `dateRestrict`; Federal Register pre-1994 via govinfo; the 1970-08-27/09-03 first-trade cluster [TRANSCRIBED AT MERGE 2026-09-26 from s1_p3.md U.3 (UNANSWERED and UNTRIED routes) so that the U.2nn anchor this row carries has a register row; s14 rule 6 requires an untried route to stay on the register rather than be re-burned]","UNANSWERED / UNTRIED (`X-A5/2`, `X-A5/5`, `U-A5/2…5`) (state as the part recorded it; this is a statement about this environment or about what was never attempted, never a null about the past)","UNKNOWN - U.3 states a route state, not an importance grade; not inferred at merge (s13)","The route description in the U.3 row, plus its owning agent; detail in s1_p3.md U.3 and in UNTRIED ROUTES, CARRIED FORWARD (stage_1_part_2.md)","UNKNOWN (route state: UNANSWERED / UNTRIED (`X-A5/2`, `X-A5/5`, `U-A5/2…5`))",Owner at release time: — | anchor U.216
Walmart,stage1,FY1979/FY1980 Management's Analysis comparable-store sentences; FY1974/75/77/78 lease-commitment notes; FY1977–79 market-price and dividend tables [TRANSCRIBED AT MERGE 2026-09-26 from s1_p3.md U.3 (UNANSWERED and UNTRIED routes) so that the U.2nn anchor this row carries has a register row; s14 rule 6 requires an untried route to stay on the register rather than be re-burned],"UNTRIED (local) (state as the part recorded it; this is a statement about this environment or about what was never attempted, never a null about the past)","UNKNOWN - U.3 states a route state, not an importance grade; not inferred at merge (s13)","The route description in the U.3 row, plus its owning agent; detail in s1_p3.md U.3 and in UNTRIED ROUTES, CARRIED FORWARD (stage_1_part_2.md)",UNKNOWN (route state: UNTRIED (local)),Owner at release time: — | anchor U.217
Walmart,stage1,"Census of Business 1963/1967 for AR/MO/OK/KS/TX (extract-only, never dumped); the Greensboro chamber trade-area study (`hf-5465.-u-55-g-7`); duplicate BW index bindings as an OCR control; BW/*Stores* page images [TRANSCRIBED AT MERGE 2026-09-26 from s1_p3.md U.3 (UNANSWERED and UNTRIED routes) so that the U.2nn anchor this row carries has a register row; s14 rule 6 requires an untried route to stay on the register rather than be re-burned]","UNTRIED (state as the part recorded it; this is a statement about this environment or about what was never attempted, never a null about the past)","UNKNOWN - U.3 states a route state, not an importance grade; not inferred at merge (s13)","The route description in the U.3 row, plus its owning agent; detail in s1_p3.md U.3 and in UNTRIED ROUTES, CARRIED FORWARD (stage_1_part_2.md)",UNKNOWN (route state: UNTRIED),Owner at release time: — | anchor U.218
Walmart,stage1,the 1992 memoir as a text (bytes not in this repository) [TRANSCRIBED AT MERGE 2026-09-26 from s1_p3.md U.3 (UNANSWERED and UNTRIED routes) so that the U.2nn anchor this row carries has a register row; s14 rule 6 requires an untried route to stay on the register rather than be re-burned],"UNTRIED — and it would remain a FOUNDER CLAIM even when read (state as the part recorded it; this is a statement about this environment or about what was never attempted, never a null about the past)","UNKNOWN - U.3 states a route state, not an importance grade; not inferred at merge (s13)","The route description in the U.3 row, plus its owning agent; detail in s1_p3.md U.3 and in UNTRIED ROUTES, CARRIED FORWARD (stage_1_part_2.md)",UNKNOWN (route state: UNTRIED — and it would remain a FOUNDER CLAIM even when read),Owner at release time: — | anchor U.219
Walmart,stage1,FY1981–FY1998 corporate print (rest of the IA run) [TRANSCRIBED AT MERGE 2026-09-26 from s1_p3.md U.3 (UNANSWERED and UNTRIED routes) so that the U.2nn anchor this row carries has a register row; s14 rule 6 requires an untried route to stay on the register rather than be re-burned],"UNTRIED, out of stage — recorded so the run's remaining gap stays visible (state as the part recorded it; this is a statement about this environment or about what was never attempted, never a null about the past)","UNKNOWN - U.3 states a route state, not an importance grade; not inferred at merge (s13)","The route description in the U.3 row, plus its owning agent; detail in s1_p3.md U.3 and in UNTRIED ROUTES, CARRIED FORWARD (stage_1_part_2.md)","UNKNOWN (route state: UNTRIED, out of stage — recorded so the run's remaining gap stays visible)",Owner at release time: — | anchor U.220
Walmart,stage1,"auction / museum documentary family — §14 rule 6's fourth family, never properly tried for this company [TRANSCRIBED AT MERGE 2026-09-26 from s1_p3.md U.3 (UNANSWERED and UNTRIED routes) so that the U.2nn anchor this row carries has a register row; s14 rule 6 requires an untried route to stay on the register rather than be re-burned]","UNTRIED (the reason the company-level verdict stays `PROVISIONAL`) (state as the part recorded it; this is a statement about this environment or about what was never attempted, never a null about the past)","UNKNOWN - U.3 states a route state, not an importance grade; not inferred at merge (s13)","The route description in the U.3 row, plus its owning agent; detail in s1_p3.md U.3 and in UNTRIED ROUTES, CARRIED FORWARD (stage_1_part_2.md)",UNKNOWN (route state: UNTRIED (the reason the company-level verdict stays `PROVISIONAL`)),Owner at release time: — | anchor U.221
Walmart,stage1,the genre control: do other 1950s–60s printed annual reports state a founding rationale? — the only test available for §C's silence [TRANSCRIBED AT MERGE 2026-09-26 from s1_p3.md U.3 (UNANSWERED and UNTRIED routes) so that the U.2nn anchor this row carries has a register row; s14 rule 6 requires an untried route to stay on the register rather than be re-burned],"UNTRIED (non-Walmart documents) (state as the part recorded it; this is a statement about this environment or about what was never attempted, never a null about the past)","UNKNOWN - U.3 states a route state, not an importance grade; not inferred at merge (s13)","The route description in the U.3 row, plus its owning agent; detail in s1_p3.md U.3 and in UNTRIED ROUTES, CARRIED FORWARD (stage_1_part_2.md)",UNKNOWN (route state: UNTRIED (non-Walmart documents)),Owner at release time: — | anchor U.222
