tag,unit,start,end,value,fy,fp,form,fyEnd,frame,accn
Assets,USD,,2010-12-31,386082000,2011,Q2,10-Q,,,0001193125-11-221497
Assets,USD,,2010-12-31,386082000,2011,Q3,10-Q,,,0001193125-11-308489
Assets,USD,,2010-12-31,386082000,2011,FY,10-K,,,0001193125-12-081990
Assets,USD,,2010-12-31,386082000,2011,FY,10-K/A,,CY2010Q4I,0001193125-12-137560
Assets,USD,,2011-06-30,646155000,2011,Q2,10-Q,,CY2011Q2I,0001193125-11-221497
Assets,USD,,2011-09-30,700250000,2011,Q3,10-Q,,CY2011Q3I,0001193125-11-308489
Assets,USD,,2011-12-31,713448000,2011,FY,10-K,,,0001193125-12-081990
Assets,USD,,2011-12-31,713448000,2011,FY,10-K/A,,,0001193125-12-137560
Assets,USD,,2011-12-31,713448000,2012,Q1,10-Q,,,0001193125-12-225825
Assets,USD,,2011-12-31,713448000,2012,Q2,10-Q,,,0001193125-12-332138
Assets,USD,,2011-12-31,713448000,2012,Q3,10-Q,,,0001193125-12-457610
Assets,USD,,2011-12-31,713448000,2012,FY,10-K,,CY2011Q4I,0001193125-13-096241
Assets,USD,,2012-03-31,761100000,2012,Q1,10-Q,,CY2012Q1I,0001193125-12-225825
Assets,USD,,2012-06-30,776869000,2012,Q2,10-Q,,CY2012Q2I,0001193125-12-332138
Assets,USD,,2012-09-30,809177000,2012,Q3,10-Q,,CY2012Q3I,0001193125-12-457610
Assets,USD,,2012-12-31,1114190000,2012,FY,10-K,,,0001193125-13-096241
Assets,USD,,2012-12-31,1114190000,2013,Q1,10-Q,,,0001193125-13-212354
Assets,USD,,2012-12-31,1114190000,2013,Q2,10-Q,,,0001193125-13-327916
Assets,USD,,2012-12-31,1114190000,2013,Q3,10-Q,,,0001193125-13-435480
Assets,USD,,2012-12-31,1114190000,2013,FY,10-K,,CY2012Q4I,0001193125-14-069681
CommonStockSharesOutstanding,shares,,2010-12-31,94908370,2011,Q2,10-Q,,,0001193125-11-221497
CommonStockSharesOutstanding,shares,,2010-12-31,94908370,2011,Q3,10-Q,,,0001193125-11-308489
CommonStockSharesOutstanding,shares,,2010-12-31,94908370,2011,FY,10-K,,,0001193125-12-081990
CommonStockSharesOutstanding,shares,,2010-12-31,94908370,2011,FY,10-K/A,,CY2010Q4I,0001193125-12-137560
CommonStockSharesOutstanding,shares,,2011-06-30,103980989,2011,Q2,10-Q,,CY2011Q2I,0001193125-11-221497
CommonStockSharesOutstanding,shares,,2011-09-30,104188831,2011,Q3,10-Q,,CY2011Q3I,0001193125-11-308489
CommonStockSharesOutstanding,shares,,2011-12-31,104530305,2011,FY,10-K,,,0001193125-12-081990
CommonStockSharesOutstanding,shares,,2011-12-31,104530305,2011,FY,10-K/A,,,0001193125-12-137560
CommonStockSharesOutstanding,shares,,2011-12-31,104530305,2012,Q1,10-Q,,,0001193125-12-225825
CommonStockSharesOutstanding,shares,,2011-12-31,104530305,2012,Q2,10-Q,,,0001193125-12-332138
CommonStockSharesOutstanding,shares,,2011-12-31,104530305,2012,Q3,10-Q,,,0001193125-12-457610
CommonStockSharesOutstanding,shares,,2011-12-31,104530305,2012,FY,10-K,,CY2011Q4I,0001193125-13-096241
CommonStockSharesOutstanding,shares,,2012-03-31,105164770,2012,Q1,10-Q,,CY2012Q1I,0001193125-12-225825
CommonStockSharesOutstanding,shares,,2012-06-30,105323351,2012,Q2,10-Q,,CY2012Q2I,0001193125-12-332138
CommonStockSharesOutstanding,shares,,2012-09-30,105772431,2012,Q3,10-Q,,CY2012Q3I,0001193125-12-457610
CommonStockSharesOutstanding,shares,,2012-12-31,114214274,2012,FY,10-K,,,0001193125-13-096241
CommonStockSharesOutstanding,shares,,2012-12-31,114214274,2013,Q1,10-Q,,,0001193125-13-212354
CommonStockSharesOutstanding,shares,,2012-12-31,114214274,2013,Q2,10-Q,,,0001193125-13-327916
CommonStockSharesOutstanding,shares,,2012-12-31,114214274,2013,Q3,10-Q,,,0001193125-13-435480
CommonStockSharesOutstanding,shares,,2012-12-31,114214274,2013,FY,10-K,,CY2012Q4I,0001193125-14-069681
EntityCommonStockSharesOutstanding,shares,,2011-07-31,104018274,2011,Q2,10-Q,,CY2011Q2I,0001193125-11-221497
EntityCommonStockSharesOutstanding,shares,,2011-10-31,104298634,2011,Q3,10-Q,,CY2011Q3I,0001193125-11-308489
EntityCommonStockSharesOutstanding,shares,,2012-01-31,104604044,2011,FY,10-K,,,0001193125-12-081990
EntityCommonStockSharesOutstanding,shares,,2012-01-31,104604044,2011,FY,10-K/A,,CY2011Q4I,0001193125-12-137560
EntityCommonStockSharesOutstanding,shares,,2012-04-30,105214400,2012,Q1,10-Q,,CY2012Q1I,0001193125-12-225825
EntityCommonStockSharesOutstanding,shares,,2012-07-16,105432497,2012,Q2,10-Q,,CY2012Q2I,0001193125-12-332138
EntityCommonStockSharesOutstanding,shares,,2012-10-31,113778865,2012,Q3,10-Q,,CY2012Q3I,0001193125-12-457610
GrossProfit,USD,2009-01-01,2009-12-31,9535000,2011,FY,10-K,,,0001193125-12-081990
GrossProfit,USD,2009-01-01,2009-12-31,9535000,2011,FY,10-K/A,,CY2009,0001193125-12-137560
GrossProfit,USD,2010-01-01,2010-03-31,3852000,2011,FY,10-K/A,,CY2010Q1,0001193125-12-137560
GrossProfit,USD,2010-01-01,2010-06-30,10113000,2011,Q2,10-Q,,,0001193125-11-221497
GrossProfit,USD,2010-04-01,2010-06-30,6261000,2011,Q2,10-Q,,,0001193125-11-221497
GrossProfit,USD,2010-04-01,2010-06-30,6261000,2011,FY,10-K/A,,CY2010Q2,0001193125-12-137560
GrossProfit,USD,2010-01-01,2010-09-30,19410000,2011,Q3,10-Q,,,0001193125-11-308489
GrossProfit,USD,2010-07-01,2010-09-30,9296000,2011,Q3,10-Q,,,0001193125-11-308489
GrossProfit,USD,2010-07-01,2010-09-30,9296000,2011,FY,10-K/A,,CY2010Q3,0001193125-12-137560
GrossProfit,USD,2010-01-01,2010-12-31,30731000,2011,FY,10-K,,,0001193125-12-081990
GrossProfit,USD,2010-01-01,2010-12-31,30731000,2011,FY,10-K/A,,,0001193125-12-137560
GrossProfit,USD,2010-01-01,2010-12-31,30731000,2012,FY,10-K,,CY2010,0001193125-13-096241
GrossProfit,USD,2010-10-01,2010-12-31,11321000,2011,FY,10-K/A,,CY2010Q4,0001193125-12-137560
GrossProfit,USD,2011-01-01,2011-03-31,18028000,2011,FY,10-K/A,,,0001193125-12-137560
GrossProfit,USD,2011-01-01,2011-03-31,18028000,2012,Q1,10-Q,,,0001193125-12-225825
GrossProfit,USD,2011-01-01,2011-03-31,18028000,2012,FY,10-K,,CY2011Q1,0001193125-13-096241
GrossProfit,USD,2011-01-01,2011-06-30,36536000,2011,Q2,10-Q,,,0001193125-11-221497
GrossProfit,USD,2011-01-01,2011-06-30,36536000,2012,Q2,10-Q,,,0001193125-12-332138
GrossProfit,USD,2011-04-01,2011-06-30,18508000,2011,Q2,10-Q,,,0001193125-11-221497
GrossProfit,USD,2011-04-01,2011-06-30,18508000,2011,FY,10-K/A,,,0001193125-12-137560
GrossProfit,USD,2011-04-01,2011-06-30,18508000,2012,Q2,10-Q,,,0001193125-12-332138
GrossProfit,USD,2011-04-01,2011-06-30,18508000,2012,FY,10-K,,CY2011Q2,0001193125-13-096241
GrossProfit,USD,2011-01-01,2011-09-30,53760000,2011,Q3,10-Q,,,0001193125-11-308489
GrossProfit,USD,2011-01-01,2011-09-30,53760000,2012,Q3,10-Q,,,0001193125-12-457610
GrossProfit,USD,2011-07-01,2011-09-30,17224000,2011,Q3,10-Q,,,0001193125-11-308489
GrossProfit,USD,2011-07-01,2011-09-30,17224000,2011,FY,10-K/A,,,0001193125-12-137560
GrossProfit,USD,2011-07-01,2011-09-30,17224000,2012,Q3,10-Q,,,0001193125-12-457610
GrossProfit,USD,2011-07-01,2011-09-30,17224000,2012,FY,10-K,,CY2011Q3,0001193125-13-096241
GrossProfit,USD,2011-01-01,2011-12-31,61595000,2011,FY,10-K,,,0001193125-12-081990
GrossProfit,USD,2011-01-01,2011-12-31,61595000,2011,FY,10-K/A,,,0001193125-12-137560
GrossProfit,USD,2011-01-01,2011-12-31,61595000,2012,FY,10-K,,,0001193125-13-096241
GrossProfit,USD,2011-01-01,2011-12-31,61595000,2013,FY,10-K,,CY2011,0001193125-14-069681
GrossProfit,USD,2011-10-01,2011-12-31,7835000,2011,FY,10-K/A,,,0001193125-12-137560
GrossProfit,USD,2011-10-01,2011-12-31,7835000,2012,FY,10-K,,CY2011Q4,0001193125-13-096241
GrossProfit,USD,2012-01-01,2012-03-31,10210000,2012,Q1,10-Q,,,0001193125-12-225825
GrossProfit,USD,2012-01-01,2012-03-31,10210000,2012,FY,10-K,,,0001193125-13-096241
GrossProfit,USD,2012-01-01,2012-03-31,10210000,2013,Q1,10-Q,,,0001193125-13-212354
GrossProfit,USD,2012-01-01,2012-03-31,10210000,2013,FY,10-K,,CY2012Q1,0001193125-14-069681
GrossProfit,USD,2012-01-01,2012-06-30,14972000,2012,Q2,10-Q,,,0001193125-12-332138
GrossProfit,USD,2012-01-01,2012-06-30,14972000,2013,Q2,10-Q,,,0001193125-13-327916
GrossProfit,USD,2012-04-01,2012-06-30,4762000,2012,Q2,10-Q,,,0001193125-12-332138
GrossProfit,USD,2012-04-01,2012-06-30,4762000,2012,FY,10-K,,,0001193125-13-096241
GrossProfit,USD,2012-04-01,2012-06-30,4762000,2013,Q2,10-Q,,,0001193125-13-327916
GrossProfit,USD,2012-04-01,2012-06-30,4762000,2013,FY,10-K,,CY2012Q2,0001193125-14-069681
GrossProfit,USD,2012-01-01,2012-09-30,6210000,2012,Q3,10-Q,,,0001193125-12-457610
GrossProfit,USD,2012-01-01,2012-09-30,6210000,2013,Q3,10-Q,,,0001193125-13-435480
GrossProfit,USD,2012-07-01,2012-09-30,-8761000,2012,Q3,10-Q,,,0001193125-12-457610
GrossProfit,USD,2012-07-01,2012-09-30,-8761000,2012,FY,10-K,,,0001193125-13-096241
GrossProfit,USD,2012-07-01,2012-09-30,-8761000,2013,Q3,10-Q,,,0001193125-13-435480
GrossProfit,USD,2012-07-01,2012-09-30,-8761000,2013,FY,10-K,,CY2012Q3,0001193125-14-069681
GrossProfit,USD,2012-01-01,2012-12-31,30067000,2012,FY,10-K,,,0001193125-13-096241
GrossProfit,USD,2012-01-01,2012-12-31,30067000,2013,FY,10-K,,,0001193125-14-069681
GrossProfit,USD,2012-01-01,2012-12-31,30067000,2014,FY,10-K,,CY2012,0001564590-15-001031
GrossProfit,USD,2012-10-01,2012-12-31,23857000,2012,FY,10-K,,,0001193125-13-096241
GrossProfit,USD,2012-10-01,2012-12-31,23857000,2013,FY,10-K,,CY2012Q4,0001193125-14-069681
Liabilities,USD,,2010-12-31,179034000,2011,Q2,10-Q,,,0001193125-11-221497
Liabilities,USD,,2010-12-31,179034000,2011,Q3,10-Q,,,0001193125-11-308489
Liabilities,USD,,2010-12-31,179034000,2011,FY,10-K,,,0001193125-12-081990
Liabilities,USD,,2010-12-31,179034000,2011,FY,10-K/A,,CY2010Q4I,0001193125-12-137560
Liabilities,USD,,2011-06-30,297703000,2011,Q2,10-Q,,CY2011Q2I,0001193125-11-221497
Liabilities,USD,,2011-09-30,406132000,2011,Q3,10-Q,,CY2011Q3I,0001193125-11-308489
Liabilities,USD,,2011-12-31,489403000,2011,FY,10-K,,,0001193125-12-081990
Liabilities,USD,,2011-12-31,489403000,2011,FY,10-K/A,,,0001193125-12-137560
Liabilities,USD,,2011-12-31,489403000,2012,Q1,10-Q,,,0001193125-12-225825
Liabilities,USD,,2011-12-31,489403000,2012,Q2,10-Q,,,0001193125-12-332138
Liabilities,USD,,2011-12-31,489403000,2012,Q3,10-Q,,,0001193125-12-457610
Liabilities,USD,,2011-12-31,489403000,2012,FY,10-K,,CY2011Q4I,0001193125-13-096241
Liabilities,USD,,2012-03-31,607226000,2012,Q1,10-Q,,CY2012Q1I,0001193125-12-225825
Liabilities,USD,,2012-06-30,714654000,2012,Q2,10-Q,,CY2012Q2I,0001193125-12-332138
Liabilities,USD,,2012-09-30,837052000,2012,Q3,10-Q,,CY2012Q3I,0001193125-12-457610
Liabilities,USD,,2012-12-31,989490000,2012,FY,10-K,,,0001193125-13-096241
Liabilities,USD,,2012-12-31,989490000,2013,Q1,10-Q,,,0001193125-13-212354
Liabilities,USD,,2012-12-31,989490000,2013,Q2,10-Q,,,0001193125-13-327916
Liabilities,USD,,2012-12-31,989490000,2013,Q3,10-Q,,,0001193125-13-435480
Liabilities,USD,,2012-12-31,989490000,2013,FY,10-K,,CY2012Q4I,0001193125-14-069681
LongTermDebt,USD,,2011-12-31,276251000,2011,FY,10-K/A,,CY2011Q4I,0001193125-12-137560
LongTermDebt,USD,,2012-12-31,452336000,2012,FY,10-K,,CY2012Q4I,0001193125-13-096241
NetIncomeLoss,USD,2009-01-01,2009-12-31,-55740000,2011,FY,10-K,,,0001193125-12-081990
NetIncomeLoss,USD,2009-01-01,2009-12-31,-55740000,2011,FY,10-K/A,,CY2009,0001193125-12-137560
NetIncomeLoss,USD,2010-01-01,2010-03-31,-29519000,2011,FY,10-K/A,,CY2010Q1,0001193125-12-137560
NetIncomeLoss,USD,2010-01-01,2010-06-30,-68036000,2011,Q2,10-Q,,,0001193125-11-221497
NetIncomeLoss,USD,2010-04-01,2010-06-30,-38517000,2011,Q2,10-Q,,,0001193125-11-221497
NetIncomeLoss,USD,2010-04-01,2010-06-30,-38517000,2011,FY,10-K/A,,CY2010Q2,0001193125-12-137560
NetIncomeLoss,USD,2010-01-01,2010-09-30,-102970000,2011,Q3,10-Q,,,0001193125-11-308489
NetIncomeLoss,USD,2010-07-01,2010-09-30,-34935000,2011,Q3,10-Q,,,0001193125-11-308489
NetIncomeLoss,USD,2010-07-01,2010-09-30,-34935000,2011,FY,10-K/A,,CY2010Q3,0001193125-12-137560
NetIncomeLoss,USD,2010-01-01,2010-12-31,-154328000,2011,FY,10-K,,,0001193125-12-081990
NetIncomeLoss,USD,2010-01-01,2010-12-31,-154328000,2011,FY,10-K/A,,,0001193125-12-137560
NetIncomeLoss,USD,2010-01-01,2010-12-31,-154328000,2012,FY,10-K,,CY2010,0001193125-13-096241
NetIncomeLoss,USD,2010-10-01,2010-12-31,-51358000,2011,FY,10-K/A,,CY2010Q4,0001193125-12-137560
NetIncomeLoss,USD,2011-01-01,2011-03-31,-48941000,2011,FY,10-K/A,,,0001193125-12-137560
NetIncomeLoss,USD,2011-01-01,2011-03-31,-48941000,2012,Q1,10-Q,,,0001193125-12-225825
NetIncomeLoss,USD,2011-01-01,2011-03-31,-48941000,2012,FY,10-K,,CY2011Q1,0001193125-13-096241
NetIncomeLoss,USD,2011-01-01,2011-06-30,-107844000,2011,Q2,10-Q,,,0001193125-11-221497
NetIncomeLoss,USD,2011-01-01,2011-06-30,-107844000,2012,Q2,10-Q,,,0001193125-12-332138
NetIncomeLoss,USD,2011-04-01,2011-06-30,-58903000,2011,Q2,10-Q,,,0001193125-11-221497
NetIncomeLoss,USD,2011-04-01,2011-06-30,-58903000,2011,FY,10-K/A,,,0001193125-12-137560
NetIncomeLoss,USD,2011-04-01,2011-06-30,-58903000,2012,Q2,10-Q,,,0001193125-12-332138
NetIncomeLoss,USD,2011-04-01,2011-06-30,-58903000,2012,FY,10-K,,CY2011Q2,0001193125-13-096241
NetIncomeLoss,USD,2011-01-01,2011-09-30,-172922000,2011,Q3,10-Q,,,0001193125-11-308489
NetIncomeLoss,USD,2011-01-01,2011-09-30,-172922000,2012,Q3,10-Q,,,0001193125-12-457610
NetIncomeLoss,USD,2011-07-01,2011-09-30,-65078000,2011,Q3,10-Q,,,0001193125-11-308489
NetIncomeLoss,USD,2011-07-01,2011-09-30,-65078000,2011,FY,10-K/A,,,0001193125-12-137560
NetIncomeLoss,USD,2011-07-01,2011-09-30,-65078000,2012,Q3,10-Q,,,0001193125-12-457610
NetIncomeLoss,USD,2011-07-01,2011-09-30,-65078000,2012,FY,10-K,,CY2011Q3,0001193125-13-096241
NetIncomeLoss,USD,2011-01-01,2011-12-31,-254411000,2011,FY,10-K,,,0001193125-12-081990
NetIncomeLoss,USD,2011-01-01,2011-12-31,-254411000,2011,FY,10-K/A,,,0001193125-12-137560
NetIncomeLoss,USD,2011-01-01,2011-12-31,-254411000,2012,FY,10-K,,,0001193125-13-096241
NetIncomeLoss,USD,2011-01-01,2011-12-31,-254411000,2013,FY,10-K,,CY2011,0001193125-14-069681
NetIncomeLoss,USD,2011-10-01,2011-12-31,-81488000,2011,FY,10-K/A,,,0001193125-12-137560
NetIncomeLoss,USD,2011-10-01,2011-12-31,-81488000,2012,FY,10-K,,CY2011Q4,0001193125-13-096241
NetIncomeLoss,USD,2012-01-01,2012-03-31,-89873000,2012,Q1,10-Q,,,0001193125-12-225825
NetIncomeLoss,USD,2012-01-01,2012-03-31,-89873000,2012,FY,10-K,,,0001193125-13-096241
NetIncomeLoss,USD,2012-01-01,2012-03-31,-89873000,2013,Q1,10-Q,,,0001193125-13-212354
NetIncomeLoss,USD,2012-01-01,2012-03-31,-89873000,2013,FY,10-K,,CY2012Q1,0001193125-14-069681
NetIncomeLoss,USD,2012-01-01,2012-06-30,-195476000,2012,Q2,10-Q,,,0001193125-12-332138
NetIncomeLoss,USD,2012-01-01,2012-06-30,-195476000,2013,Q2,10-Q,,,0001193125-13-327916
NetIncomeLoss,USD,2012-04-01,2012-06-30,-105603000,2012,Q2,10-Q,,,0001193125-12-332138
NetIncomeLoss,USD,2012-04-01,2012-06-30,-105603000,2012,FY,10-K,,,0001193125-13-096241
NetIncomeLoss,USD,2012-04-01,2012-06-30,-105603000,2013,Q2,10-Q,,,0001193125-13-327916
NetIncomeLoss,USD,2012-04-01,2012-06-30,-105603000,2013,FY,10-K,,CY2012Q2,0001193125-14-069681
NetIncomeLoss,USD,2012-01-01,2012-09-30,-306282000,2012,Q3,10-Q,,,0001193125-12-457610
NetIncomeLoss,USD,2012-01-01,2012-09-30,-306282000,2013,Q3,10-Q,,,0001193125-13-435480
NetIncomeLoss,USD,2012-07-01,2012-09-30,-110804000,2012,Q3,10-Q,,,0001193125-12-457610
NetIncomeLoss,USD,2012-07-01,2012-09-30,-110804000,2012,FY,10-K,,,0001193125-13-096241
NetIncomeLoss,USD,2012-07-01,2012-09-30,-110804000,2013,Q3,10-Q,,,0001193125-13-435480
NetIncomeLoss,USD,2012-07-01,2012-09-30,-110804000,2013,FY,10-K,,CY2012Q3,0001193125-14-069681
NetIncomeLoss,USD,2012-01-01,2012-12-31,-396213000,2012,FY,10-K,,,0001193125-13-096241
NetIncomeLoss,USD,2012-01-01,2012-12-31,-396213000,2013,FY,10-K,,,0001193125-14-069681
NetIncomeLoss,USD,2012-01-01,2012-12-31,-396213000,2014,FY,10-K,,CY2012,0001564590-15-001031
NetIncomeLoss,USD,2012-10-01,2012-12-31,-89932000,2012,FY,10-K,,,0001193125-13-096241
NetIncomeLoss,USD,2012-10-01,2012-12-31,-89932000,2013,FY,10-K,,CY2012Q4,0001193125-14-069681
OperatingIncomeLoss,USD,2009-01-01,2009-12-31,-51897000,2011,FY,10-K,,,0001193125-12-081990
OperatingIncomeLoss,USD,2009-01-01,2009-12-31,-51897000,2011,FY,10-K/A,,CY2009,0001193125-12-137560
OperatingIncomeLoss,USD,2010-01-01,2010-06-30,-57360000,2011,Q2,10-Q,,,0001193125-11-221497
OperatingIncomeLoss,USD,2010-04-01,2010-06-30,-31362000,2011,Q2,10-Q,,CY2010Q2,0001193125-11-221497
OperatingIncomeLoss,USD,2010-01-01,2010-09-30,-95193000,2011,Q3,10-Q,,,0001193125-11-308489
OperatingIncomeLoss,USD,2010-07-01,2010-09-30,-37834000,2011,Q3,10-Q,,CY2010Q3,0001193125-11-308489
OperatingIncomeLoss,USD,2010-01-01,2010-12-31,-146838000,2011,FY,10-K,,,0001193125-12-081990
OperatingIncomeLoss,USD,2010-01-01,2010-12-31,-146838000,2011,FY,10-K/A,,,0001193125-12-137560
OperatingIncomeLoss,USD,2010-01-01,2010-12-31,-146838000,2012,FY,10-K,,CY2010,0001193125-13-096241
OperatingIncomeLoss,USD,2011-01-01,2011-03-31,-47346000,2012,Q1,10-Q,,CY2011Q1,0001193125-12-225825
OperatingIncomeLoss,USD,2011-01-01,2011-06-30,-106085000,2011,Q2,10-Q,,,0001193125-11-221497
OperatingIncomeLoss,USD,2011-01-01,2011-06-30,-106085000,2012,Q2,10-Q,,,0001193125-12-332138
OperatingIncomeLoss,USD,2011-04-01,2011-06-30,-58739000,2011,Q2,10-Q,,,0001193125-11-221497
OperatingIncomeLoss,USD,2011-04-01,2011-06-30,-58739000,2012,Q2,10-Q,,CY2011Q2,0001193125-12-332138
OperatingIncomeLoss,USD,2011-01-01,2011-09-30,-170561000,2011,Q3,10-Q,,,0001193125-11-308489
OperatingIncomeLoss,USD,2011-01-01,2011-09-30,-170561000,2012,Q3,10-Q,,,0001193125-12-457610
OperatingIncomeLoss,USD,2011-07-01,2011-09-30,-64477000,2011,Q3,10-Q,,,0001193125-11-308489
OperatingIncomeLoss,USD,2011-07-01,2011-09-30,-64477000,2012,Q3,10-Q,,CY2011Q3,0001193125-12-457610
OperatingIncomeLoss,USD,2011-01-01,2011-12-31,-251488000,2011,FY,10-K,,,0001193125-12-081990
OperatingIncomeLoss,USD,2011-01-01,2011-12-31,-251488000,2011,FY,10-K/A,,,0001193125-12-137560
OperatingIncomeLoss,USD,2011-01-01,2011-12-31,-251488000,2012,FY,10-K,,,0001193125-13-096241
OperatingIncomeLoss,USD,2011-01-01,2011-12-31,-251488000,2013,FY,10-K,,CY2011,0001193125-14-069681
OperatingIncomeLoss,USD,2012-01-01,2012-03-31,-88763000,2012,Q1,10-Q,,,0001193125-12-225825
OperatingIncomeLoss,USD,2012-01-01,2012-03-31,-88763000,2013,Q1,10-Q,,CY2012Q1,0001193125-13-212354
OperatingIncomeLoss,USD,2012-01-01,2012-06-30,-194938000,2012,Q2,10-Q,,,0001193125-12-332138
OperatingIncomeLoss,USD,2012-01-01,2012-06-30,-194938000,2013,Q2,10-Q,,,0001193125-13-327916
OperatingIncomeLoss,USD,2012-04-01,2012-06-30,-106175000,2012,Q2,10-Q,,,0001193125-12-332138
OperatingIncomeLoss,USD,2012-04-01,2012-06-30,-106175000,2013,Q2,10-Q,,CY2012Q2,0001193125-13-327916
OperatingIncomeLoss,USD,2012-01-01,2012-09-30,-303400000,2012,Q3,10-Q,,,0001193125-12-457610
OperatingIncomeLoss,USD,2012-01-01,2012-09-30,-303400000,2013,Q3,10-Q,,,0001193125-13-435480
OperatingIncomeLoss,USD,2012-07-01,2012-09-30,-108460000,2012,Q3,10-Q,,,0001193125-12-457610
OperatingIncomeLoss,USD,2012-07-01,2012-09-30,-108460000,2013,Q3,10-Q,,CY2012Q3,0001193125-13-435480
OperatingIncomeLoss,USD,2012-01-01,2012-12-31,-394283000,2012,FY,10-K,,,0001193125-13-096241
OperatingIncomeLoss,USD,2012-01-01,2012-12-31,-394283000,2013,FY,10-K,,,0001193125-14-069681
OperatingIncomeLoss,USD,2012-01-01,2012-12-31,-394283000,2014,FY,10-K,,CY2012,0001564590-15-001031
ResearchAndDevelopmentExpense,USD,2009-01-01,2009-12-31,19282000,2011,FY,10-K,,,0001193125-12-081990
ResearchAndDevelopmentExpense,USD,2009-01-01,2009-12-31,19282000,2011,FY,10-K/A,,CY2009,0001193125-12-137560
ResearchAndDevelopmentExpense,USD,2010-01-01,2010-06-30,28681000,2011,Q2,10-Q,,,0001193125-11-221497
ResearchAndDevelopmentExpense,USD,2010-04-01,2010-06-30,15416000,2011,Q2,10-Q,,CY2010Q2,0001193125-11-221497
ResearchAndDevelopmentExpense,USD,2010-01-01,2010-09-30,55379000,2011,Q3,10-Q,,,0001193125-11-308489
ResearchAndDevelopmentExpense,USD,2010-07-01,2010-09-30,26698000,2011,Q3,10-Q,,CY2010Q3,0001193125-11-308489
ResearchAndDevelopmentExpense,USD,2010-01-01,2010-12-31,92996000,2011,FY,10-K,,,0001193125-12-081990
ResearchAndDevelopmentExpense,USD,2010-01-01,2010-12-31,92996000,2011,FY,10-K/A,,,0001193125-12-137560
ResearchAndDevelopmentExpense,USD,2010-01-01,2010-12-31,92996000,2012,FY,10-K,,CY2010,0001193125-13-096241
ResearchAndDevelopmentExpense,USD,2011-01-01,2011-03-31,41162000,2012,Q1,10-Q,,CY2011Q1,0001193125-12-225825
ResearchAndDevelopmentExpense,USD,2011-01-01,2011-06-30,93693000,2011,Q2,10-Q,,,0001193125-11-221497
ResearchAndDevelopmentExpense,USD,2011-01-01,2011-06-30,93693000,2012,Q2,10-Q,,,0001193125-12-332138
ResearchAndDevelopmentExpense,USD,2011-04-01,2011-06-30,52531000,2011,Q2,10-Q,,,0001193125-11-221497
ResearchAndDevelopmentExpense,USD,2011-04-01,2011-06-30,52531000,2012,Q2,10-Q,,CY2011Q2,0001193125-12-332138
ResearchAndDevelopmentExpense,USD,2011-01-01,2011-09-30,147776000,2011,Q3,10-Q,,,0001193125-11-308489
ResearchAndDevelopmentExpense,USD,2011-01-01,2011-09-30,147776000,2012,Q3,10-Q,,,0001193125-12-457610
ResearchAndDevelopmentExpense,USD,2011-07-01,2011-09-30,54083000,2011,Q3,10-Q,,,0001193125-11-308489
ResearchAndDevelopmentExpense,USD,2011-07-01,2011-09-30,54083000,2012,Q3,10-Q,,CY2011Q3,0001193125-12-457610
ResearchAndDevelopmentExpense,USD,2011-01-01,2011-12-31,208981000,2011,FY,10-K,,,0001193125-12-081990
ResearchAndDevelopmentExpense,USD,2011-01-01,2011-12-31,208981000,2011,FY,10-K/A,,,0001193125-12-137560
ResearchAndDevelopmentExpense,USD,2011-01-01,2011-12-31,208981000,2012,FY,10-K,,,0001193125-13-096241
ResearchAndDevelopmentExpense,USD,2011-01-01,2011-12-31,208981000,2013,FY,10-K,,CY2011,0001193125-14-069681
ResearchAndDevelopmentExpense,USD,2012-01-01,2012-03-31,68391000,2012,Q1,10-Q,,,0001193125-12-225825
ResearchAndDevelopmentExpense,USD,2012-01-01,2012-03-31,68391000,2013,Q1,10-Q,,CY2012Q1,0001193125-13-212354
ResearchAndDevelopmentExpense,USD,2012-01-01,2012-06-30,143245000,2012,Q2,10-Q,,,0001193125-12-332138
ResearchAndDevelopmentExpense,USD,2012-01-01,2012-06-30,143245000,2013,Q2,10-Q,,,0001193125-13-327916
ResearchAndDevelopmentExpense,USD,2012-04-01,2012-06-30,74854000,2012,Q2,10-Q,,,0001193125-12-332138
ResearchAndDevelopmentExpense,USD,2012-04-01,2012-06-30,74854000,2013,Q2,10-Q,,CY2012Q2,0001193125-13-327916
ResearchAndDevelopmentExpense,USD,2012-01-01,2012-09-30,205146000,2012,Q3,10-Q,,,0001193125-12-457610
ResearchAndDevelopmentExpense,USD,2012-01-01,2012-09-30,205146000,2013,Q3,10-Q,,,0001193125-13-435480
ResearchAndDevelopmentExpense,USD,2012-07-01,2012-09-30,61901000,2012,Q3,10-Q,,,0001193125-12-457610
ResearchAndDevelopmentExpense,USD,2012-07-01,2012-09-30,61901000,2013,Q3,10-Q,,CY2012Q3,0001193125-13-435480
ResearchAndDevelopmentExpense,USD,2012-01-01,2012-12-31,273978000,2012,FY,10-K,,,0001193125-13-096241
ResearchAndDevelopmentExpense,USD,2012-01-01,2012-12-31,273978000,2013,FY,10-K,,,0001193125-14-069681
ResearchAndDevelopmentExpense,USD,2012-01-01,2012-12-31,273978000,2014,FY,10-K,,CY2012,0001564590-15-001031
Revenues,USD,2009-01-01,2009-12-31,111943000,2011,FY,10-K,,,0001193125-12-081990
Revenues,USD,2009-01-01,2009-12-31,111943000,2011,FY,10-K/A,,CY2009,0001193125-12-137560
Revenues,USD,2010-01-01,2010-03-31,20812000,2011,FY,10-K/A,,CY2010Q1,0001193125-12-137560
Revenues,USD,2010-01-01,2010-06-30,49217000,2011,Q2,10-Q,,,0001193125-11-221497
Revenues,USD,2010-04-01,2010-06-30,28405000,2011,Q2,10-Q,,,0001193125-11-221497
Revenues,USD,2010-04-01,2010-06-30,28405000,2011,FY,10-K/A,,CY2010Q2,0001193125-12-137560
Revenues,USD,2010-01-01,2010-09-30,80458000,2011,Q3,10-Q,,,0001193125-11-308489
Revenues,USD,2010-07-01,2010-09-30,31241000,2011,Q3,10-Q,,,0001193125-11-308489
Revenues,USD,2010-07-01,2010-09-30,31241000,2011,FY,10-K/A,,CY2010Q3,0001193125-12-137560
Revenues,USD,2010-01-01,2010-12-31,116744000,2011,FY,10-K,,,0001193125-12-081990
Revenues,USD,2010-01-01,2010-12-31,116744000,2011,FY,10-K/A,,,0001193125-12-137560
Revenues,USD,2010-01-01,2010-12-31,116744000,2012,FY,10-K,,CY2010,0001193125-13-096241
Revenues,USD,2010-10-01,2010-12-31,36286000,2011,FY,10-K/A,,CY2010Q4,0001193125-12-137560
Revenues,USD,2011-01-01,2011-03-31,49030000,2011,FY,10-K/A,,,0001193125-12-137560
Revenues,USD,2011-01-01,2011-03-31,49030000,2012,Q1,10-Q,,,0001193125-12-225825
Revenues,USD,2011-01-01,2011-03-31,49030000,2012,FY,10-K,,CY2011Q1,0001193125-13-096241
Revenues,USD,2011-01-01,2011-06-30,107201000,2011,Q2,10-Q,,,0001193125-11-221497
Revenues,USD,2011-01-01,2011-06-30,107201000,2012,Q2,10-Q,,,0001193125-12-332138
Revenues,USD,2011-04-01,2011-06-30,58171000,2011,Q2,10-Q,,,0001193125-11-221497
Revenues,USD,2011-04-01,2011-06-30,58171000,2011,FY,10-K/A,,,0001193125-12-137560
Revenues,USD,2011-04-01,2011-06-30,58171000,2012,Q2,10-Q,,,0001193125-12-332138
Revenues,USD,2011-04-01,2011-06-30,58171000,2012,FY,10-K,,CY2011Q2,0001193125-13-096241
Revenues,USD,2011-01-01,2011-09-30,164867000,2011,Q3,10-Q,,,0001193125-11-308489
Revenues,USD,2011-01-01,2011-09-30,164867000,2012,Q3,10-Q,,,0001193125-12-457610
Revenues,USD,2011-07-01,2011-09-30,57666000,2011,Q3,10-Q,,,0001193125-11-308489
Revenues,USD,2011-07-01,2011-09-30,57666000,2011,FY,10-K/A,,,0001193125-12-137560
Revenues,USD,2011-07-01,2011-09-30,57666000,2012,Q3,10-Q,,,0001193125-12-457610
Revenues,USD,2011-07-01,2011-09-30,57666000,2012,FY,10-K,,CY2011Q3,0001193125-13-096241
Revenues,USD,2011-01-01,2011-12-31,204242000,2011,FY,10-K,,,0001193125-12-081990
Revenues,USD,2011-01-01,2011-12-31,204242000,2011,FY,10-K/A,,,0001193125-12-137560
Revenues,USD,2011-01-01,2011-12-31,204242000,2012,FY,10-K,,,0001193125-13-096241
Revenues,USD,2011-01-01,2011-12-31,204242000,2013,FY,10-K,,CY2011,0001193125-14-069681
Revenues,USD,2011-10-01,2011-12-31,39375000,2011,FY,10-K/A,,,0001193125-12-137560
Revenues,USD,2011-10-01,2011-12-31,39375000,2012,FY,10-K,,CY2011Q4,0001193125-13-096241
Revenues,USD,2012-01-01,2012-03-31,30167000,2012,Q1,10-Q,,,0001193125-12-225825
Revenues,USD,2012-01-01,2012-03-31,30167000,2012,FY,10-K,,,0001193125-13-096241
Revenues,USD,2012-01-01,2012-03-31,30167000,2013,Q1,10-Q,,,0001193125-13-212354
Revenues,USD,2012-01-01,2012-03-31,30167000,2013,FY,10-K,,CY2012Q1,0001193125-14-069681
Revenues,USD,2012-01-01,2012-06-30,56820000,2012,Q2,10-Q,,,0001193125-12-332138
Revenues,USD,2012-01-01,2012-06-30,56820000,2013,Q2,10-Q,,,0001193125-13-327916
Revenues,USD,2012-04-01,2012-06-30,26653000,2012,Q2,10-Q,,,0001193125-12-332138
Revenues,USD,2012-04-01,2012-06-30,26653000,2012,FY,10-K,,,0001193125-13-096241
Revenues,USD,2012-04-01,2012-06-30,26653000,2013,Q2,10-Q,,,0001193125-13-327916
Revenues,USD,2012-04-01,2012-06-30,26653000,2013,FY,10-K,,CY2012Q2,0001193125-14-069681
Revenues,USD,2012-01-01,2012-09-30,106924000,2012,Q3,10-Q,,,0001193125-12-457610
Revenues,USD,2012-01-01,2012-09-30,106924000,2013,Q3,10-Q,,,0001193125-13-435480
Revenues,USD,2012-07-01,2012-09-30,50104000,2012,Q3,10-Q,,,0001193125-12-457610
Revenues,USD,2012-07-01,2012-09-30,50104000,2012,FY,10-K,,,0001193125-13-096241
Revenues,USD,2012-07-01,2012-09-30,50104000,2013,Q3,10-Q,,,0001193125-13-435480
Revenues,USD,2012-07-01,2012-09-30,50104000,2013,FY,10-K,,CY2012Q3,0001193125-14-069681
Revenues,USD,2012-01-01,2012-12-31,413256000,2012,FY,10-K,,,0001193125-13-096241
Revenues,USD,2012-01-01,2012-12-31,413256000,2013,FY,10-K,,,0001193125-14-069681
Revenues,USD,2012-01-01,2012-12-31,413256000,2014,FY,10-K,,CY2012,0001564590-15-001031
Revenues,USD,2012-10-01,2012-12-31,306332000,2012,FY,10-K,,,0001193125-13-096241
Revenues,USD,2012-10-01,2012-12-31,306332000,2013,FY,10-K,,CY2012Q4,0001193125-14-069681
StockholdersEquity,USD,,2008-12-31,-199714000,2011,FY,10-K,,,0001193125-12-081990
StockholdersEquity,USD,,2008-12-31,-199714000,2011,FY,10-K/A,,CY2008Q4I,0001193125-12-137560
StockholdersEquity,USD,,2009-12-31,-253523000,2011,FY,10-K,,,0001193125-12-081990
StockholdersEquity,USD,,2009-12-31,-253523000,2011,FY,10-K/A,,,0001193125-12-137560
StockholdersEquity,USD,,2009-12-31,-253523000,2012,FY,10-K,,CY2009Q4I,0001193125-13-096241
StockholdersEquity,USD,,2010-12-31,207048000,2011,Q2,10-Q,,,0001193125-11-221497
StockholdersEquity,USD,,2010-12-31,207048000,2011,Q3,10-Q,,,0001193125-11-308489
StockholdersEquity,USD,,2010-12-31,207048000,2011,FY,10-K,,,0001193125-12-081990
StockholdersEquity,USD,,2010-12-31,207048000,2011,FY,10-K/A,,,0001193125-12-137560
StockholdersEquity,USD,,2010-12-31,207048000,2012,FY,10-K,,,0001193125-13-096241
StockholdersEquity,USD,,2010-12-31,207048000,2013,FY,10-K,,CY2010Q4I,0001193125-14-069681
StockholdersEquity,USD,,2011-06-30,348452000,2011,Q2,10-Q,,CY2011Q2I,0001193125-11-221497
StockholdersEquity,USD,,2011-09-30,294118000,2011,Q3,10-Q,,CY2011Q3I,0001193125-11-308489
StockholdersEquity,USD,,2011-12-31,224045000,2011,FY,10-K,,,0001193125-12-081990
StockholdersEquity,USD,,2011-12-31,224045000,2011,FY,10-K/A,,,0001193125-12-137560
StockholdersEquity,USD,,2011-12-31,224045000,2012,Q1,10-Q,,,0001193125-12-225825
StockholdersEquity,USD,,2011-12-31,224045000,2012,Q2,10-Q,,,0001193125-12-332138
StockholdersEquity,USD,,2011-12-31,224045000,2012,Q3,10-Q,,,0001193125-12-457610
StockholdersEquity,USD,,2011-12-31,224045000,2012,FY,10-K,,,0001193125-13-096241
StockholdersEquity,USD,,2011-12-31,224045000,2013,FY,10-K,,,0001193125-14-069681
StockholdersEquity,USD,,2011-12-31,224045000,2014,FY,10-K,,CY2011Q4I,0001564590-15-001031
StockholdersEquity,USD,,2012-03-31,153874000,2012,Q1,10-Q,,CY2012Q1I,0001193125-12-225825
StockholdersEquity,USD,,2012-06-30,62215000,2012,Q2,10-Q,,CY2012Q2I,0001193125-12-332138
StockholdersEquity,USD,,2012-09-30,-27875000,2012,Q3,10-Q,,CY2012Q3I,0001193125-12-457610
StockholdersEquity,USD,,2012-12-31,124700000,2012,FY,10-K,,,0001193125-13-096241
StockholdersEquity,USD,,2012-12-31,124700000,2013,Q1,10-Q,,,0001193125-13-212354
StockholdersEquity,USD,,2012-12-31,124700000,2013,Q2,10-Q,,,0001193125-13-327916
StockholdersEquity,USD,,2012-12-31,124700000,2013,Q3,10-Q,,,0001193125-13-435480
StockholdersEquity,USD,,2012-12-31,124700000,2013,FY,10-K,,,0001193125-14-069681
StockholdersEquity,USD,,2012-12-31,124700000,2014,FY,10-K,,,0001564590-15-001031
StockholdersEquity,USD,,2012-12-31,124700000,2015,FY,10-K,,CY2012Q4I,0001564590-16-013195
WeightedAverageNumberOfDilutedSharesOutstanding,shares,2012-01-01,2012-03-31,104784343,2013,Q1,10-Q,,CY2012Q1,0001193125-13-212354
