filingDate,form,accession,reportDate,primaryDocument,source
2023-06-29,144,0001921094-23-000351,,xsl144X01/primary_doc.xml,recent
2023-06-29,4,0001209191-23-040232,2023-06-29,xslF345X04/doc4.xml,recent
2023-07-03,144,0001950047-23-002047,,xsl144X01/primary_doc.xml,recent
2023-07-05,4,0001209191-23-040892,2023-07-03,xslF345X04/doc4.xml,recent
2023-07-06,4,0001209191-23-041714,2023-07-05,xslF345X04/doc4.xml,recent
2023-07-06,4,0001209191-23-041712,2023-07-05,xslF345X04/doc4.xml,recent
2023-07-06,4,0001209191-23-041705,2023-07-05,xslF345X04/doc4.xml,recent
2023-07-06,4,0001209191-23-041695,2023-07-05,xslF345X04/doc4.xml,recent
2023-07-06,4,0001209191-23-041687,2023-07-05,xslF345X04/doc4.xml,recent
2023-07-06,4,0001209191-23-041653,2023-07-05,xslF345X04/doc4.xml,recent
2023-07-06,4,0001209191-23-041643,2023-07-05,xslF345X04/doc4.xml,recent
2023-07-06,4,0001209191-23-041639,2023-07-05,xslF345X04/doc4.xml,recent
2023-07-10,144,0001950047-23-002204,,xsl144X01/primary_doc.xml,recent
2023-07-10,144,0001950047-23-002203,,xsl144X01/primary_doc.xml,recent
2023-07-12,144,0001950047-23-002272,,xsl144X01/primary_doc.xml,recent
2023-07-12,144,0001950047-23-002271,,xsl144X01/primary_doc.xml,recent
2023-07-13,144,0001968582-23-000333,,xsl144X01/primary_doc.xml,recent
2023-07-13,144,0001968582-23-000332,,xsl144X01/primary_doc.xml,recent
2023-07-13,144,0001968582-23-000331,,xsl144X01/primary_doc.xml,recent
2023-07-13,144,0001973141-23-000143,,xsl144X01/primary_doc.xml,recent
2023-07-13,4,0001209191-23-042242,2023-07-13,xslF345X04/doc4.xml,recent
2023-07-14,4,0001209191-23-042309,2023-07-10,xslF345X04/doc4.xml,recent
2023-07-18,144/A,0001963746-23-000026,,xsl144X01/primary_doc.xml,recent
2023-07-18,144/A,0001963746-23-000025,,xsl144X01/primary_doc.xml,recent
2023-07-18,144/A,0001963746-23-000024,,xsl144X01/primary_doc.xml,recent
2023-07-18,144/A,0001963746-23-000023,,xsl144X01/primary_doc.xml,recent
2023-07-25,8-K,0001652044-23-000067,2023-07-20,goog-20230720.htm,recent
2023-07-26,10-Q,0001652044-23-000070,2023-06-30,goog-20230630.htm,recent
2023-07-26,S-8,0001193125-23-193814,,d525984ds8.htm,recent
2023-07-27,4,0001209191-23-043556,2023-07-25,xslF345X05/doc4.xml,recent
2023-07-27,4,0001209191-23-043511,2023-07-25,xslF345X05/doc4.xml,recent
2023-07-28,144,0001921094-23-000428,,xsl144X01/primary_doc.xml,recent
2023-07-28,4,0001209191-23-043728,2023-07-28,xslF345X05/doc4.xml,recent
2023-08-04,13F-HR,0001652044-23-000075,2023-06-30,xslForm13F_X02/primary_doc.xml,recent
2023-08-10,144,0001973141-23-000181,,xsl144X01/primary_doc.xml,recent
2023-08-10,4,0001209191-23-045324,2023-08-10,xslF345X05/doc4.xml,recent
2023-08-21,4,0000929638-23-002316,2023-08-17,xslF345X05/form4.xml,recent
2023-08-29,4,0001209191-23-047589,2023-08-25,xslF345X05/doc4.xml,recent
2023-08-29,4,0001209191-23-047583,2023-08-25,xslF345X05/doc4.xml,recent
2023-08-30,144,0001921094-23-000601,,xsl144X01/primary_doc.xml,recent
2023-09-01,4,0001209191-23-048045,2023-08-30,xslF345X05/doc4.xml,recent
2023-09-05,144,0001950047-23-003712,,xsl144X01/primary_doc.xml,recent
2023-09-05,4,0001209191-23-048237,2023-09-05,xslF345X05/doc4.xml,recent
2023-09-07,4,0001209191-23-048679,2023-09-05,xslF345X05/doc4.xml,recent
2023-09-11,144,0001973141-23-000213,,xsl144X01/primary_doc.xml,recent
2023-09-11,4,0001209191-23-049052,2023-09-11,xslF345X05/doc4.xml,recent
2023-09-25,144,0001950047-23-004251,,xsl144X01/primary_doc.xml,recent
2023-09-26,4,0001209191-23-050615,2023-09-25,xslF345X05/doc4.xml,recent
2023-09-26,4,0001209191-23-050610,2023-09-25,xslF345X05/doc4.xml,recent
2023-09-27,144,0001950047-23-004272,,xsl144X01/primary_doc.xml,recent
2023-09-27,4,0001209191-23-050698,2023-09-25,xslF345X05/doc4.xml,recent
2023-09-27,4,0001209191-23-050684,2022-05-09,xslF345X05/doc4.xml,recent
2023-09-27,4,0001209191-23-050676,2023-09-25,xslF345X05/doc4.xml,recent
2023-09-27,4,0001209191-23-050659,2023-09-25,xslF345X05/doc4.xml,recent
2023-09-27,4,0001209191-23-050631,2023-09-25,xslF345X05/doc4.xml,recent
2023-09-28,144,0001921094-23-000717,,xsl144X01/primary_doc.xml,recent
2023-09-28,4,0001209191-23-050720,2023-09-28,xslF345X05/doc4.xml,recent
2023-10-02,144,0001950047-23-004357,,xsl144X01/primary_doc.xml,recent
2023-10-02,4,0001209191-23-051265,2023-09-29,xslF345X05/doc4.xml,recent
2023-10-02,4,0001209191-23-051224,2023-10-02,xslF345X05/doc4.xml,recent
2023-10-02,4,0001209191-23-051208,2023-10-02,xslF345X05/doc4.xml,recent
2023-10-04,4,0001209191-23-052055,2023-10-02,xslF345X05/doc4.xml,recent
2023-10-10,144,0001973141-23-000239,,xsl144X01/primary_doc.xml,recent
2023-10-10,4,0001209191-23-052553,2023-10-10,xslF345X05/doc4.xml,recent
2023-10-24,8-K,0001652044-23-000088,2023-10-18,goog-20231018.htm,recent
2023-10-25,10-Q,0001652044-23-000094,2023-09-30,goog-20230930.htm,recent
2023-10-25,IRANNOTICE,0001652044-23-000096,,irannoticeq32023.htm,recent
2023-10-26,4,0001209191-23-053714,2023-10-25,xslF345X05/doc4.xml,recent
2023-10-26,4,0001209191-23-053712,2023-10-25,xslF345X05/doc4.xml,recent
2023-10-27,4,0001209191-23-053801,2023-10-26,xslF345X05/doc4.xml,recent
2023-10-30,144,0001921094-23-000780,,xsl144X01/primary_doc.xml,recent
2023-10-30,4,0001209191-23-053892,2023-10-30,xslF345X05/doc4.xml,recent
2023-11-03,4,0001209191-23-054345,2023-11-03,xslF345X05/doc4.xml,recent
2023-11-07,144,0001950047-23-004798,,xsl144X01/primary_doc.xml,recent
2023-11-07,144,0001950047-23-004797,,xsl144X01/primary_doc.xml,recent
2023-11-09,144,0001973141-23-000292,,xsl144X01/primary_doc.xml,recent
2023-11-09,144,0001968582-23-000633,,xsl144X01/primary_doc.xml,recent
2023-11-09,144,0001968582-23-000632,,xsl144X01/primary_doc.xml,recent
2023-11-09,144,0001968582-23-000631,,xsl144X01/primary_doc.xml,recent
2023-11-09,4,0001209191-23-054800,2023-11-07,xslF345X05/doc4.xml,recent
2023-11-13,13F-HR,0001652044-23-000098,2023-09-30,xslForm13F_X02/primary_doc.xml,recent
2023-11-14,4,0001209191-23-055143,2023-11-10,xslF345X05/doc4.xml,recent
2023-11-28,4,0001209191-23-056850,2023-11-25,xslF345X05/doc4.xml,recent
2023-11-28,4,0001209191-23-056848,2023-11-27,xslF345X05/doc4.xml,recent
2023-11-29,4,0001209191-23-056865,2023-11-27,xslF345X05/doc4.xml,recent
2023-11-30,144,0001921094-23-000950,,xsl144X01/primary_doc.xml,recent
2023-11-30,4,0001209191-23-056994,2023-11-30,xslF345X05/doc4.xml,recent
2023-12-01,4,0001209191-23-057092,2023-12-01,xslF345X05/doc4.xml,recent
2023-12-05,3,0001209191-23-057446,2023-12-01,xslF345X02/doc3.xml,recent
2023-12-06,144,0001950047-23-005725,,xsl144X01/primary_doc.xml,recent
2023-12-06,144,0001950047-23-005724,,xsl144X01/primary_doc.xml,recent
2023-12-08,4,0001209191-23-057900,2023-12-06,xslF345X05/doc4.xml,recent
2023-12-11,144,0001973141-23-000334,,xsl144X01/primary_doc.xml,recent
2023-12-11,4,0001209191-23-058104,2023-12-11,xslF345X05/doc4.xml,recent
2023-12-20,144,0001950047-23-006353,,xsl144X01/primary_doc.xml,recent
2023-12-20,144,0001950047-23-006352,,xsl144X01/primary_doc.xml,recent
2023-12-21,4,0001209191-23-059463,2023-12-20,xslF345X05/doc4.xml,recent
2023-12-27,4,0001209191-23-059848,2023-12-25,xslF345X05/doc4.xml,recent
2023-12-27,4,0001209191-23-059844,2023-12-25,xslF345X05/doc4.xml,recent
2023-12-27,4,0001209191-23-059838,2023-12-25,xslF345X05/doc4.xml,recent
2023-12-27,4,0001209191-23-059836,2023-12-25,xslF345X05/doc4.xml,recent
2023-12-27,4,0001209191-23-059827,2023-12-25,xslF345X05/doc4.xml,recent
2023-12-27,4,0001209191-23-059823,2023-12-25,xslF345X05/doc4.xml,recent
2023-12-28,144,0001950047-23-006520,,xsl144X01/primary_doc.xml,recent
2023-12-29,144,0001921094-23-001150,,xsl144X01/primary_doc.xml,recent
2023-12-29,4,0001209191-23-060025,2023-12-28,xslF345X05/doc4.xml,recent
2023-12-29,4,0001209191-23-060024,2023-12-29,xslF345X05/doc4.xml,recent
2024-01-02,144,0001950047-24-000063,,xsl144X01/primary_doc.xml,recent
2024-01-02,4,0001209191-24-000150,2024-01-02,xslF345X05/doc4.xml,recent
2024-01-03,144,0001950047-24-000118,,xsl144X01/primary_doc.xml,recent
2024-01-03,144,0001950047-24-000115,,xsl144X01/primary_doc.xml,recent
2024-01-03,4,0001209191-24-000278,2024-01-02,xslF345X05/doc4.xml,recent
2024-01-04,4,0001209191-24-000702,2024-01-03,xslF345X05/doc4.xml,recent
2024-01-04,4,0001209191-24-000683,2024-01-03,xslF345X05/doc4.xml,recent
2024-01-10,144,0001973141-24-000026,,xsl144X01/primary_doc.xml,recent
2024-01-10,4,0001209191-24-001401,2024-01-10,xslF345X05/doc4.xml,recent
2024-01-11,144,0001973141-24-000028,,xsl144X01/primary_doc.xml,recent
2024-01-12,4,0001209191-24-001498,2023-03-14,xslF345X05/doc4.xml,recent
2024-01-17,144,0001950047-24-000352,,xsl144X01/primary_doc.xml,recent
2024-01-17,144,0001950047-24-000351,,xsl144X01/primary_doc.xml,recent
2024-01-17,4,0001209191-24-001796,2024-01-17,xslF345X05/doc4.xml,recent
2024-01-26,4,0001209191-24-002324,2024-01-25,xslF345X05/doc4.xml,recent
2024-01-30,144,0001921094-24-000080,,xsl144X01/primary_doc.xml,recent
2024-01-30,4,0001209191-24-002451,2024-01-30,xslF345X05/doc4.xml,recent
2024-01-30,8-K,0001652044-24-000014,2024-01-30,goog-20240130.htm,recent
2024-01-31,10-K,0001652044-24-000022,2023-12-31,goog-20231231.htm,recent
2024-01-31,IRANNOTICE,0001652044-24-000024,,irannoticeq42023.htm,recent
2024-02-01,4,0001209191-24-002588,2024-02-01,xslF345X05/doc4.xml,recent
2024-02-01,SC 13G/A,0001086364-24-006080,,us02079k3059_020124.txt,recent
2024-02-07,144,0001950047-24-000723,,xsl144X01/primary_doc.xml,recent
2024-02-07,144,0001950047-24-000722,,xsl144X01/primary_doc.xml,recent
2024-02-08,4,0001209191-24-002998,2024-02-07,xslF345X05/doc4.xml,recent
2024-02-08,8-K,0001652044-24-000032,2024-02-08,goog-20240208.htm,recent
2024-02-09,13F-HR,0001652044-24-000034,2023-12-31,xslForm13F_X02/primary_doc.xml,recent
2024-02-09,4,0001209191-24-003067,2024-02-07,xslF345X05/doc4.xml,recent
2024-02-09,4,0001209191-24-003065,2024-02-07,xslF345X05/doc4.xml,recent
2024-02-09,4,0001209191-24-003063,2024-02-07,xslF345X05/doc4.xml,recent
2024-02-09,4,0001209191-24-003059,2024-02-07,xslF345X05/doc4.xml,recent
2024-02-12,144,0001973141-24-000102,,xsl144X01/primary_doc.xml,recent
2024-02-12,SC 13G/A,0001193125-24-032286,,d931712dsc13ga.htm,recent
2024-02-12,SC 13G/A,0001086364-24-006965,,us02079k1079_021224.txt,recent
2024-02-13,4,0001209191-24-003227,2023-12-31,xslF345X05/doc4.xml,recent
2024-02-13,4,0001209191-24-003209,2024-02-12,xslF345X05/doc4.xml,recent
2024-02-13,5,0001209191-24-003289,2023-12-31,xslF345X05/doc5.xml,recent
2024-02-13,5,0001209191-24-003267,2023-12-31,xslF345X05/doc5.xml,recent
2024-02-13,5,0001209191-24-003260,2023-12-31,xslF345X05/doc5.xml,recent
2024-02-13,5,0001209191-24-003215,2023-12-31,xslF345X05/doc5.xml,recent
2024-02-13,SC 13G/A,0001104659-24-020000,,tv0008-alphabetincclassa.htm,recent
2024-02-13,SC 13G/A,0001104659-24-020001,,tv0009-alphabetincclassc.htm,recent
2024-02-14,SC 13G/A,0001193125-24-036532,,d585199dsc13ga.htm,recent
2024-02-20,144,0001950047-24-001142,,xsl144X01/primary_doc.xml,recent
2024-02-21,144,0001950047-24-001228,,xsl144X01/primary_doc.xml,recent
2024-02-21,144,0001950047-24-001225,,xsl144X01/primary_doc.xml,recent
2024-02-22,4,0001209191-24-003845,2024-02-21,xslF345X05/doc4.xml,recent
2024-02-22,4,0001209191-24-003823,2024-02-20,xslF345X05/doc4.xml,recent
2024-02-23,4,0001209191-24-003905,2024-02-22,xslF345X05/doc4.xml,recent
2024-02-26,144,0001950047-24-001414,,xsl144X01/primary_doc.xml,recent
2024-02-26,144,0001950047-24-001413,,xsl144X01/primary_doc.xml,recent
2024-02-27,144,0001950047-24-001467,,xsl144X01/primary_doc.xml,recent
2024-02-27,144,0001950047-24-001463,,xsl144X01/primary_doc.xml,recent
2024-02-27,4,0001209191-24-004023,2024-02-25,xslF345X05/doc4.xml,recent
2024-02-28,144,0001950047-24-001502,,xsl144X01/primary_doc.xml,recent
2024-02-28,144,0001950047-24-001501,,xsl144X01/primary_doc.xml,recent
2024-02-29,144,0001921094-24-000278,,xsl144X01/primary_doc.xml,recent
2024-02-29,144,0001950047-24-001564,,xsl144X01/primary_doc.xml,recent
2024-02-29,144,0001950047-24-001547,,xsl144X01/primary_doc.xml,recent
2024-02-29,3,0001415889-24-005874,2024-02-20,xslF345X02/form3-02292024_090209.xml,recent
2024-02-29,4,0001209191-24-004133,2024-02-29,xslF345X05/doc4.xml,recent
2024-03-04,4,0001209191-24-004226,2024-03-04,xslF345X05/doc4.xml,recent
2024-03-06,144,0001950047-24-001951,,xsl144X01/primary_doc.xml,recent
2024-03-06,144,0001950047-24-001950,,xsl144X01/primary_doc.xml,recent
2024-03-06,4,0001209191-24-004611,2024-03-06,xslF345X05/doc4.xml,recent
2024-03-08,144,0001950047-24-002099,,xsl144X01/primary_doc.xml,recent
2024-03-08,4,0001209191-24-004710,2024-03-08,xslF345X05/doc4.xml,recent
2024-03-08,4,0001209191-24-004707,2024-03-06,xslF345X05/doc4.xml,recent
2024-03-12,144,0001973141-24-000171,,xsl144X01/primary_doc.xml,recent
2024-03-12,4,0001209191-24-004784,2024-03-12,xslF345X05/doc4.xml,recent
2024-03-14,144,0001968582-24-000224,,xsl144X01/primary_doc.xml,recent
2024-03-14,144,0001968582-24-000223,,xsl144X01/primary_doc.xml,recent
2024-03-14,144,0001968582-24-000222,,xsl144X01/primary_doc.xml,recent
2024-03-18,144,0001973141-24-000184,,xsl144X01/primary_doc.xml,recent
2024-03-19,4,0001209191-24-004957,2024-03-18,xslF345X05/doc4.xml,recent
2024-03-20,144,0001950047-24-002574,,xsl144X01/primary_doc.xml,recent
2024-03-20,144,0001950047-24-002573,,xsl144X01/primary_doc.xml,recent
2024-03-20,4,0001209191-24-005015,2024-03-20,xslF345X05/doc4.xml,recent
2024-03-26,4,0001209191-24-005096,2024-03-25,xslF345X05/doc4.xml,recent
2024-03-26,4,0001209191-24-005094,2024-03-25,xslF345X05/doc4.xml,recent
2024-03-26,4,0001209191-24-005092,2024-03-25,xslF345X05/doc4.xml,recent
2024-03-26,4,0001209191-24-005090,2024-03-25,xslF345X05/doc4.xml,recent
2024-03-26,4,0001209191-24-005086,2024-03-25,xslF345X05/doc4.xml,recent
2024-03-26,4,0001209191-24-005083,2024-03-25,xslF345X05/doc4.xml,recent
2024-03-27,144,0001950047-24-002720,,xsl144X01/primary_doc.xml,recent
2024-03-28,144,0001921094-24-000486,,xsl144X01/primary_doc.xml,recent
2024-03-29,4,0001209191-24-005134,2024-03-27,xslF345X05/doc4.xml,recent
2024-03-29,4,0001209191-24-005132,2024-03-28,xslF345X05/doc4.xml,recent
2024-04-01,144,0001950047-24-002781,,xsl144X01/primary_doc.xml,recent
2024-04-02,4,0001209191-24-005191,2024-04-01,xslF345X05/doc4.xml,recent
2024-04-02,4,0001209191-24-005189,2024-04-02,xslF345X05/doc4.xml,recent
2024-04-02,4,0001209191-24-005187,2024-04-01,xslF345X05/doc4.xml,recent
2024-04-03,144,0001950047-24-002921,,xsl144X01/primary_doc.xml,recent
2024-04-03,144,0001950047-24-002920,,xsl144X01/primary_doc.xml,recent
2024-04-04,4,0001209191-24-005228,2024-04-03,xslF345X05/doc4.xml,recent
2024-04-12,144,0001973141-24-000225,,xsl144X01/primary_doc.xml,recent
2024-04-15,4,0001209191-24-005305,2024-04-12,xslF345X05/doc4.xml,recent
2024-04-17,144,0001950047-24-003122,,xsl144X01/primary_doc.xml,recent
2024-04-17,144,0001950047-24-003119,,xsl144X01/primary_doc.xml,recent
2024-04-17,4,0001209191-24-005330,2024-04-17,xslF345X05/doc4.xml,recent
2024-04-25,8-K,0001652044-24-000047,2024-04-25,goog-20240425.htm,recent
2024-04-26,10-Q,0001652044-24-000053,2024-03-31,goog-20240331.htm,recent
2024-04-26,144,0001973141-24-000240,,xsl144X01/primary_doc.xml,recent
2024-04-26,4,0001209191-24-005394,2024-04-26,xslF345X05/doc4.xml,recent
2024-04-26,4,0001209191-24-005392,2024-04-25,xslF345X05/doc4.xml,recent
2024-04-26,ARS,0001308179-24-000614,2023-12-31,lgoog2023_ars.pdf,recent
2024-04-26,DEF 14A,0001308179-24-000612,2024-06-07,lgoog2024_def14a.htm,recent
2024-04-26,DEFA14A,0001308179-24-000613,,lgoog2024_defa14a.htm,recent
2024-04-30,144,0001921094-24-000556,,xsl144X01/primary_doc.xml,recent
2024-04-30,4,0001209191-24-005437,2024-04-30,xslF345X05/doc4.xml,recent
2024-05-01,144,0001950047-24-003290,,xsl144X01/primary_doc.xml,recent
2024-05-01,144,0001950047-24-003289,,xsl144X01/primary_doc.xml,recent
2024-05-01,4,0001209191-24-005457,2024-05-01,xslF345X05/doc4.xml,recent
2024-05-01,PX14A6G,0001214659-24-007961,,o51248px14a6g.htm,recent
2024-05-02,PX14A6G,0001214659-24-008099,,j51247px14a6g.htm,recent
2024-05-03,13F-HR,0001652044-24-000057,2024-03-31,xslForm13F_X02/primary_doc.xml,recent
2024-05-03,4,0001209191-24-005506,2024-05-01,xslF345X05/doc4.xml,recent
2024-05-03,4,0001209191-24-005503,2024-05-01,xslF345X05/doc4.xml,recent
2024-05-03,4,0001209191-24-005501,2024-05-01,xslF345X05/doc4.xml,recent
2024-05-03,4,0001209191-24-005499,2024-05-01,xslF345X05/doc4.xml,recent
2024-05-06,PX14A6G,0001214659-24-008379,,o532411px14a6g.htm,recent
2024-05-07,PX14A6G,0001214659-24-008462,,o56248px14a6g.htm,recent
2024-05-08,PX14A6G,0001214659-24-008582,,e58244px14a6g.htm,recent
2024-05-13,144,0001973141-24-000253,,xsl144X01/primary_doc.xml,recent
2024-05-13,4,0001209191-24-005630,2024-05-13,xslF345X05/doc4.xml,recent
2024-05-14,4,0001209191-24-005640,2024-05-02,xslF345X05/doc4.xml,recent
2024-05-15,144,0001950047-24-003715,,xsl144X01/primary_doc.xml,recent
2024-05-15,144,0001950047-24-003714,,xsl144X01/primary_doc.xml,recent
2024-05-15,4,0001209191-24-005652,2024-05-15,xslF345X05/doc4.xml,recent
2024-05-16,PX14A6G,0001214659-24-009393,,o516244px14a6g.htm,recent
2024-05-22,PX14A6G,0001214659-24-009773,,j522243px14a6g.htm,recent
2024-05-24,PX14A6G,0001214659-24-009923,,j524244px14a6g.htm,recent
2024-05-29,4,0001209191-24-005762,2024-05-25,xslF345X05/doc4.xml,recent
2024-05-31,SD,0001652044-24-000063,,googexhibit101-2023.htm,recent
2024-06-03,4,0001209191-24-005788,2024-06-03,xslF345X05/doc4.xml,recent
2024-06-03,4,0001209191-24-005786,2024-05-30,xslF345X05/doc4.xml,recent
2024-06-05,144,0001950047-24-004435,,xsl144X01/primary_doc.xml,recent
2024-06-05,144,0001950047-24-004434,,xsl144X01/primary_doc.xml,recent
2024-06-05,4,0001209191-24-005809,2024-06-05,xslF345X05/doc4.xml,recent
2024-06-05,8-K,0001193125-24-154725,2024-06-05,d837191d8k.htm,recent
2024-06-07,8-K,0001193125-24-157498,2024-06-05,d787017d8k.htm,recent
2024-06-12,144,0001973141-24-000305,,xsl144X01/primary_doc.xml,recent
2024-06-12,4,0001209191-24-005854,2024-06-12,xslF345X05/doc4.xml,recent
2024-06-13,8-K,0001193125-24-160721,2024-06-07,d805807d8k.htm,recent
2024-06-18,4,0001209191-24-005905,2024-06-17,xslF345X05/doc4.xml,recent
2024-06-18,4,0001209191-24-005903,2024-06-17,xslF345X05/doc4.xml,recent
2024-06-18,4,0001209191-24-005901,2024-06-17,xslF345X05/doc4.xml,recent
2024-06-18,4,0001209191-24-005899,2024-06-17,xslF345X05/doc4.xml,recent
2024-06-18,4,0001209191-24-005897,2024-06-17,xslF345X05/doc4.xml,recent
2024-06-18,4,0001209191-24-005895,2024-06-17,xslF345X05/doc4.xml,recent
2024-06-18,4,0001209191-24-005893,2024-06-17,xslF345X05/doc4.xml,recent
2024-06-18,4,0001209191-24-005891,2024-06-17,xslF345X05/doc4.xml,recent
2024-06-18,4,0001209191-24-005889,2024-06-17,xslF345X05/doc4.xml,recent
2024-06-18,4,0001209191-24-005887,2024-06-17,xslF345X05/doc4.xml,recent
2024-06-18,4,0001209191-24-005885,2024-06-17,xslF345X05/doc4.xml,recent
2024-06-18,4,0001209191-24-005882,2024-06-17,xslF345X05/doc4.xml,recent
2024-06-18,4,0001209191-24-005872,2024-06-17,xslF345X05/doc4.xml,recent
2024-06-20,144,0001950047-24-004930,,xsl144X01/primary_doc.xml,recent
2024-06-20,144,0001950047-24-004929,,xsl144X01/primary_doc.xml,recent
2024-06-21,4,0000950170-24-076275,2024-06-20,xslF345X05/ownership.xml,recent
2024-06-26,4,0000950170-24-078107,2024-06-25,xslF345X05/ownership.xml,recent
2024-06-26,4,0000950170-24-078083,2024-06-25,xslF345X05/ownership.xml,recent
2024-06-26,8-K,0001193125-24-168745,2024-06-26,d809715d8k.htm,recent
2024-06-27,4,0000950170-24-078703,2024-06-25,xslF345X05/ownership.xml,recent
2024-06-27,4,0000950170-24-078628,2024-06-25,xslF345X05/ownership.xml,recent
2024-06-27,4,0000950170-24-078601,2024-06-25,xslF345X05/ownership.xml,recent
2024-06-27,4,0000950170-24-078388,2024-06-25,xslF345X05/ownership.xml,recent
2024-07-01,144,0001950047-24-005119,,xsl144X01/primary_doc.xml,recent
2024-07-02,4,0000950170-24-080932,2024-07-02,xslF345X05/ownership.xml,recent
2024-07-02,4,0000950170-24-080252,2024-07-01,xslF345X05/ownership.xml,recent
2024-07-03,144,0001950047-24-005236,,xsl144X01/primary_doc.xml,recent
2024-07-03,144,0001950047-24-005235,,xsl144X01/primary_doc.xml,recent
2024-07-03,4,0000950170-24-081571,2024-07-03,xslF345X05/ownership.xml,recent
2024-07-05,4,0000950170-24-081916,2024-07-03,xslF345X05/ownership.xml,recent
2024-07-05,4,0000950170-24-081914,2024-07-03,xslF345X05/ownership.xml,recent
2024-07-05,4,0000950170-24-081911,2024-07-03,xslF345X05/ownership.xml,recent
2024-07-05,4,0000950170-24-081909,2024-07-03,xslF345X05/ownership.xml,recent
2024-07-05,4,0000950170-24-081905,2024-07-03,xslF345X05/ownership.xml,recent
2024-07-05,4,0000950170-24-081827,2024-07-03,xslF345X05/ownership.xml,recent
2024-07-05,4,0000950170-24-081819,2024-07-03,xslF345X05/ownership.xml,recent
2024-07-11,144,0001968582-24-000615,,xsl144X01/primary_doc.xml,recent
2024-07-11,144,0001968582-24-000614,,xsl144X01/primary_doc.xml,recent
2024-07-11,144,0001968582-24-000613,,xsl144X01/primary_doc.xml,recent
2024-07-12,144,0001973141-24-000353,,xsl144X01/primary_doc.xml,recent
2024-07-16,4,0000950170-24-084027,2024-07-12,xslF345X05/ownership.xml,recent
2024-07-17,144,0001950047-24-005484,,xsl144X01/primary_doc.xml,recent
2024-07-17,144,0001950047-24-005482,,xsl144X01/primary_doc.xml,recent
2024-07-18,4,0000950170-24-084634,2024-07-17,xslF345X05/ownership.xml,recent
2024-07-23,8-K,0001652044-24-000076,2024-07-23,goog-20240723.htm,recent
2024-07-24,10-Q,0001652044-24-000079,2024-06-30,goog-20240630.htm,recent
2024-07-26,4,0000950170-24-087040,2024-07-26,xslF345X05/ownership.xml,recent
2024-07-26,4,0000950170-24-087025,2024-07-26,xslF345X05/ownership.xml,recent
2024-07-30,4,0000950170-24-088112,2023-07-27,xslF345X05/ownership.xml,recent
2024-08-02,13F-HR,0001652044-24-000082,2024-06-30,xslForm13F_X02/primary_doc.xml,recent
2024-08-02,4,0000950170-24-090220,2024-08-02,xslF345X05/ownership.xml,recent
2024-08-06,8-K,0001652044-24-000085,2024-08-05,goog-20240805.htm,recent
2024-08-07,144,0001950047-24-005860,,xsl144X01/primary_doc.xml,recent
2024-08-07,144,0001950047-24-005858,,xsl144X01/primary_doc.xml,recent
2024-08-07,4,0000950170-24-093141,2024-08-07,xslF345X05/ownership.xml,recent
2024-08-09,3,0000950170-24-094474,2024-07-31,xslF345X02/ownership.xml,recent
2024-08-09,4,0000950170-24-094779,2024-08-07,xslF345X05/ownership.xml,recent
2024-08-12,144,0001973141-24-000410,,xsl144X01/primary_doc.xml,recent
2024-08-12,4,0000950170-24-095703,2024-08-12,xslF345X05/ownership.xml,recent
2024-08-15,144,0001950047-24-006097,,xsl144X01/primary_doc.xml,recent
2024-08-16,4,0000950170-24-098138,2024-08-15,xslF345X05/ownership.xml,recent
2024-08-19,4,0000950170-24-098822,2024-08-16,xslF345X05/ownership.xml,recent
2024-08-21,144,0001950047-24-006348,,xsl144X01/primary_doc.xml,recent
2024-08-21,144,0001950047-24-006344,,xsl144X01/primary_doc.xml,recent
2024-08-21,4,0000950170-24-099613,2024-08-21,xslF345X05/ownership.xml,recent
2024-08-27,4,0000950170-24-101168,2024-08-25,xslF345X05/ownership.xml,recent
2024-08-30,3,0000929638-24-003040,2024-08-20,xslF345X02/form3.xml,recent
2024-09-03,144,0001950047-24-006743,,xsl144X01/primary_doc.xml,recent
2024-09-03,4,0000950170-24-102976,2024-09-03,xslF345X05/ownership.xml,recent
2024-09-03,N-PX,0001652044-24-000086,2024-08-30,xslN-PX_X01/primary_doc.xml,recent
2024-09-04,144,0001950047-24-006779,,xsl144X01/primary_doc.xml,recent
2024-09-04,144,0001950047-24-006778,,xsl144X01/primary_doc.xml,recent
2024-09-05,4,0000950170-24-104145,2024-09-03,xslF345X05/ownership.xml,recent
2024-09-05,4,0000950170-24-103909,2024-09-04,xslF345X05/ownership.xml,recent
2024-09-06,4,0000950170-24-104325,2024-09-06,xslF345X05/ownership.xml,recent
2024-09-10,4,0000950170-24-105252,2024-09-10,xslF345X05/ownership.xml,recent
2024-09-12,144,0001973141-24-000453,,xsl144X01/primary_doc.xml,recent
2024-09-16,4,0000950170-24-106720,2024-09-12,xslF345X05/ownership.xml,recent
2024-09-17,4,0000950170-24-107567,2024-09-16,xslF345X05/ownership.xml,recent
2024-09-17,4,0000950170-24-107535,2024-09-16,xslF345X05/ownership.xml,recent
2024-09-17,4,0000950170-24-107513,2024-09-16,xslF345X05/ownership.xml,recent
2024-09-18,144,0001950047-24-007244,,xsl144X01/primary_doc.xml,recent
2024-09-18,144,0001950047-24-007239,,xsl144X01/primary_doc.xml,recent
2024-09-18,4,0000950170-24-107936,2024-09-18,xslF345X05/ownership.xml,recent
2024-09-18,4,0000950170-24-107927,2024-09-16,xslF345X05/ownership.xml,recent
2024-09-18,4,0000950170-24-107901,2024-09-16,xslF345X05/ownership.xml,recent
2024-09-18,4,0000950170-24-107867,2024-09-16,xslF345X05/ownership.xml,recent
2024-09-18,4,0000950170-24-107836,2024-09-16,xslF345X05/ownership.xml,recent
2024-09-18,4,0000950170-24-107702,2024-09-16,xslF345X05/ownership.xml,recent
2024-09-18,4,0000950170-24-107680,2024-09-16,xslF345X05/ownership.xml,recent
2024-09-18,4,0000950170-24-107673,2024-09-16,xslF345X05/ownership.xml,recent
2024-09-18,4,0000950170-24-107669,2024-09-16,xslF345X05/ownership.xml,recent
2024-09-18,4,0000950170-24-107653,2024-09-16,xslF345X05/ownership.xml,recent
2024-09-18,4,0000950170-24-107649,2024-09-16,xslF345X05/ownership.xml,recent
2024-09-18,4,0000950170-24-107646,2024-09-16,xslF345X05/ownership.xml,recent
2024-09-23,144,0001973141-24-000468,,xsl144X01/primary_doc.xml,recent
2024-09-24,4,0000950170-24-109142,2024-09-23,xslF345X05/ownership.xml,recent
2024-09-24,8-K,0001652044-24-000097,2024-09-24,goog-20240924.htm,recent
2024-09-26,4,0000950170-24-109740,2024-09-25,xslF345X05/ownership.xml,recent
2024-09-26,4,0000950170-24-109735,2024-09-25,xslF345X05/ownership.xml,recent
2024-09-26,4,0000950170-24-109725,2024-09-25,xslF345X05/ownership.xml,recent
2024-09-27,144,0001950047-24-007434,,xsl144X01/primary_doc.xml,recent
2024-09-27,4,0000950170-24-110107,2024-09-25,xslF345X05/ownership.xml,recent
2024-09-27,4,0000950170-24-110028,2024-09-25,xslF345X05/ownership.xml,recent
2024-09-27,4,0000950170-24-109952,2024-09-25,xslF345X05/ownership.xml,recent
2024-09-27,4,0000950170-24-109916,2024-09-25,xslF345X05/ownership.xml,recent
2024-09-30,4,0000950170-24-110479,2024-09-27,xslF345X05/ownership.xml,recent
2024-10-02,144,0001950047-24-007538,,xsl144X01/primary_doc.xml,recent
2024-10-02,144,0001950047-24-007537,,xsl144X01/primary_doc.xml,recent
2024-10-02,4,0000950170-24-111591,2024-10-02,xslF345X05/ownership.xml,recent
2024-10-02,4,0000950170-24-111510,2024-10-01,xslF345X05/ownership.xml,recent
2024-10-11,144,0001973141-24-000499,,xsl144X01/primary_doc.xml,recent
2024-10-15,4,0000950170-24-114821,2024-10-10,xslF345X05/ownership.xml,recent
2024-10-15,4,0000950170-24-114771,2024-10-15,xslF345X05/ownership.xml,recent
2024-10-15,4,0000950170-24-114761,2024-10-14,xslF345X05/ownership.xml,recent
2024-10-16,144,0001950047-24-007767,,xsl144X01/primary_doc.xml,recent
2024-10-16,144,0001950047-24-007766,,xsl144X01/primary_doc.xml,recent
2024-10-16,4,0000950170-24-115045,2024-10-16,xslF345X05/ownership.xml,recent
2024-10-17,8-K,0001193125-24-238769,2024-10-17,d627891d8k.htm,recent
2024-10-28,4,0000950170-24-117861,2024-10-25,xslF345X05/ownership.xml,recent
2024-10-29,8-K,0001652044-24-000115,2024-10-29,goog-20241029.htm,recent
2024-10-30,10-Q,0001652044-24-000118,2024-09-30,goog-20240930.htm,recent
2024-10-30,144,0001950047-24-007949,,xsl144X01/primary_doc.xml,recent
2024-10-30,144,0001950047-24-007948,,xsl144X01/primary_doc.xml,recent
2024-10-30,IRANNOTICE,0001652044-24-000119,,irannoticeq32024.htm,recent
2024-10-31,144,0001921094-24-001332,,xsl144X01/primary_doc.xml,recent
2024-11-01,144,0001950047-24-008027,,xsl144X01/primary_doc.xml,recent
2024-11-01,4,0000950170-24-119905,2024-10-30,xslF345X05/ownership.xml,recent
2024-11-04,144/A,0001921094-24-001343,,xsl144X01/primary_doc.xml,recent
2024-11-04,4,0000950170-24-121043,2024-11-01,xslF345X05/ownership.xml,recent
2024-11-04,4,0000950170-24-121038,2024-11-04,xslF345X05/ownership.xml,recent
2024-11-06,144,0001950047-24-008205,,xsl144X01/primary_doc.xml,recent
2024-11-06,144,0001950047-24-008204,,xsl144X01/primary_doc.xml,recent
2024-11-06,4,0000950170-24-122606,2024-11-06,xslF345X05/ownership.xml,recent
2024-11-07,4,0000950170-24-123574,2024-11-07,xslF345X05/ownership.xml,recent
2024-11-08,13F-HR,0001652044-24-000123,2024-09-30,xslForm13F_X02/primary_doc.xml,recent
2024-11-12,144,0001973141-24-000547,,xsl144X01/primary_doc.xml,recent
2024-11-12,4,0000950170-24-125682,2024-11-12,xslF345X05/ownership.xml,recent
2024-11-14,144,0001968582-24-001006,,xsl144X01/primary_doc.xml,recent
2024-11-14,144,0001968582-24-001005,,xsl144X01/primary_doc.xml,recent
2024-11-14,144,0001968582-24-001004,,xsl144X01/primary_doc.xml,recent
2024-11-18,4,0000950170-24-127970,2024-11-15,xslF345X05/ownership.xml,recent
2024-11-20,144,0001950047-24-008875,,xsl144X01/primary_doc.xml,recent
2024-11-20,144,0001950047-24-008871,,xsl144X01/primary_doc.xml,recent
2024-11-21,4,0000950170-24-129767,2024-11-20,xslF345X05/ownership.xml,recent
2024-11-26,4,0000950170-24-131196,2024-11-25,xslF345X05/ownership.xml,recent
2024-11-26,4,0000950170-24-131189,2024-11-26,xslF345X05/ownership.xml,recent
2024-11-29,144,0001921094-24-001499,,xsl144X01/primary_doc.xml,recent
2024-12-02,4,0000950170-24-132408,2024-11-27,xslF345X05/ownership.xml,recent
2024-12-02,4,0000950170-24-132343,2024-12-02,xslF345X05/ownership.xml,recent
2024-12-02,4,0000950170-24-132320,2024-11-29,xslF345X05/ownership.xml,recent
2024-12-04,4,0000950170-24-133433,2024-12-02,xslF345X05/ownership.xml,recent
2024-12-10,144,0001950047-24-009638,,xsl144X01/primary_doc.xml,recent
2024-12-10,144,0001950047-24-009637,,xsl144X01/primary_doc.xml,recent
2024-12-10,4,0000950170-24-135152,2024-12-10,xslF345X05/ownership.xml,recent
2024-12-12,144,0001973141-24-000610,,xsl144X01/primary_doc.xml,recent
2024-12-13,4,0000950170-24-136302,2024-12-12,xslF345X05/ownership.xml,recent
2024-12-17,4,0000950170-24-137572,2024-12-16,xslF345X05/ownership.xml,recent
2024-12-17,4,0000950170-24-137560,2024-12-16,xslF345X05/ownership.xml,recent
2024-12-17,4,0000950170-24-137554,2024-12-16,xslF345X05/ownership.xml,recent
2024-12-17,4,0000950170-24-137549,2024-12-16,xslF345X05/ownership.xml,recent
2024-12-17,4,0000950170-24-137542,2024-12-16,xslF345X05/ownership.xml,recent
2024-12-18,4,0000950170-24-138126,2024-12-16,xslF345X05/ownership.xml,recent
2024-12-18,4,0000950170-24-138084,2024-12-16,xslF345X05/ownership.xml,recent
2024-12-18,4,0000950170-24-138071,2024-12-16,xslF345X05/ownership.xml,recent
2024-12-18,4,0000950170-24-138047,2024-12-16,xslF345X05/ownership.xml,recent
2024-12-18,4,0000950170-24-138032,2024-12-16,xslF345X05/ownership.xml,recent
2024-12-18,4,0000950170-24-137741,2024-12-16,xslF345X05/ownership.xml,recent
2024-12-18,4,0000950170-24-137696,2024-12-16,xslF345X05/ownership.xml,recent
2024-12-18,4,0000950170-24-137690,2024-12-16,xslF345X05/ownership.xml,recent
2024-12-27,4,0000950170-24-140885,2024-12-25,xslF345X05/ownership.xml,recent
2024-12-27,4,0000950170-24-140879,2024-12-25,xslF345X05/ownership.xml,recent
2024-12-27,4,0000950170-24-140876,2024-12-25,xslF345X05/ownership.xml,recent
2024-12-27,4,0000950170-24-140868,2024-12-25,xslF345X05/ownership.xml,recent
2024-12-27,4,0000950170-24-140860,2024-12-25,xslF345X05/ownership.xml,recent
2024-12-27,4,0000950170-24-140850,2024-12-25,xslF345X05/ownership.xml,recent
2024-12-30,144,0001950047-24-010107,,xsl144X01/primary_doc.xml,recent
2024-12-31,144,0001921094-24-001697,,xsl144X01/primary_doc.xml,recent
2025-01-02,4,0000950170-25-000324,2024-12-30,xslF345X05/ownership.xml,recent
2025-01-02,4,0000950170-25-000278,2024-12-31,xslF345X05/ownership.xml,recent
2025-01-03,4,0000950170-25-000947,2025-01-02,xslF345X05/ownership.xml,recent
2025-01-10,4,0000950170-25-004355,2025-01-09,xslF345X05/ownership.xml,recent
2025-01-10,4,0000950170-25-004312,2025-01-09,xslF345X05/ownership.xml,recent
2025-01-10,4,0000950170-25-004285,2025-01-09,xslF345X05/ownership.xml,recent
2025-01-13,144,0001973141-25-000015,,xsl144X01/primary_doc.xml,recent
2025-01-13,4,0000950170-25-004989,2025-01-13,xslF345X05/ownership.xml,recent
2025-01-15,4,0000950170-25-005957,2025-01-15,xslF345X05/ownership.xml,recent
2025-01-24,4,0000950170-25-008968,2025-01-23,xslF345X05/ownership.xml,recent
2025-01-28,4,0000950170-25-010076,2025-01-25,xslF345X05/ownership.xml,recent
2025-01-30,144,0001921094-25-000079,,xsl144X01/primary_doc.xml,recent
2025-01-30,4,0000950170-25-010987,2025-01-30,xslF345X05/ownership.xml,recent
2025-01-31,144,0001950047-25-000535,,xsl144X01/primary_doc.xml,recent
2025-01-31,144,0001950047-25-000534,,xsl144X01/primary_doc.xml,recent
2025-01-31,4,0000950170-25-011901,2025-01-31,xslF345X05/ownership.xml,recent
2025-02-03,144,0001950047-25-000578,,xsl144X01/primary_doc.xml,recent
2025-02-03,4,0000950170-25-012415,2025-02-03,xslF345X05/ownership.xml,recent
2025-02-04,8-K,0001652044-25-000010,2025-02-04,goog-20250204.htm,recent
2025-02-05,10-K,0001652044-25-000014,2024-12-31,goog-20241231.htm,recent
2025-02-05,IRANNOTICE,0001652044-25-000016,,irannoticeq42024.htm,recent
2025-02-07,13F-HR,0001652044-25-000019,2024-12-31,xslForm13F_X02/primary_doc.xml,recent
2025-02-13,4,0001415889-25-003895,2024-02-14,xslF345X05/form4-02132025_090212.xml,recent
2025-02-14,5,0000950170-25-021555,2024-12-31,xslF345X05/ownership.xml,recent
2025-02-14,5,0000950170-25-021536,2024-12-31,xslF345X05/ownership.xml,recent
2025-02-14,5,0000950170-25-020620,2024-12-31,xslF345X05/ownership.xml,recent
2025-02-14,5,0000950170-25-020613,2024-12-31,xslF345X05/ownership.xml,recent
2025-02-14,5,0000950170-25-020581,2024-12-31,xslF345X05/ownership.xml,recent
2025-02-18,144,0001950047-25-000975,,xsl144X01/primary_doc.xml,recent
2025-02-18,144,0001950047-25-000967,,xsl144X01/primary_doc.xml,recent
2025-02-18,144,0001950047-25-000965,,xsl144X01/primary_doc.xml,recent
2025-02-18,SCHEDULE 13G/A,0000950170-25-022699,,xslSCHEDULE_13G_X01/primary_doc.xml,recent
2025-02-19,4,0000950170-25-022933,2025-02-18,xslF345X05/ownership.xml,recent
2025-02-19,4,0000950170-25-022825,2025-02-18,xslF345X05/ownership.xml,recent
2025-02-20,4,0000950170-25-023879,2025-02-18,xslF345X05/ownership.xml,recent
2025-02-21,144,0001950047-25-001130,,xsl144X01/primary_doc.xml,recent
2025-02-21,4,0000950170-25-025147,2025-02-21,xslF345X05/ownership.xml,recent
2025-02-26,4,0000950170-25-028131,2025-02-25,xslF345X05/ownership.xml,recent
2025-02-26,4,0000950170-25-028107,2025-02-25,xslF345X05/ownership.xml,recent
2025-02-28,144,0001921094-25-000224,,xsl144X01/primary_doc.xml,recent
2025-02-28,4,0000950170-25-029764,2025-02-28,xslF345X05/ownership.xml,recent
2025-03-03,4,0000950170-25-031172,2025-03-03,xslF345X05/ownership.xml,recent
2025-03-07,4,0000950170-25-035624,2025-03-05,xslF345X05/ownership.xml,recent
2025-03-07,4,0000950170-25-035608,2025-03-05,xslF345X05/ownership.xml,recent
2025-03-07,4,0000950170-25-035587,2025-03-05,xslF345X05/ownership.xml,recent
2025-03-07,4,0000950170-25-035576,2025-03-03,xslF345X05/ownership.xml,recent
2025-03-07,4,0000950170-25-035540,2025-03-05,xslF345X05/ownership.xml,recent
2025-03-13,144,0001968582-25-000183,,xsl144X01/primary_doc.xml,recent
2025-03-13,144,0001968582-25-000182,,xsl144X01/primary_doc.xml,recent
2025-03-13,144,0001968582-25-000181,,xsl144X01/primary_doc.xml,recent
2025-03-13,144,0001973141-25-000149,,xsl144X01/primary_doc.xml,recent
2025-03-13,4,0000950170-25-038976,2025-03-13,xslF345X05/ownership.xml,recent
2025-03-18,4,0000950170-25-041566,2025-03-17,xslF345X05/ownership.xml,recent
2025-03-18,4,0000950170-25-041543,2025-03-17,xslF345X05/ownership.xml,recent
2025-03-18,8-K,0001652044-25-000027,2025-03-18,goog-20250318.htm,recent
2025-03-19,4,0000950170-25-042199,2025-03-17,xslF345X05/ownership.xml,recent
2025-03-19,4,0000950170-25-042158,2025-03-17,xslF345X05/ownership.xml,recent
2025-03-19,4,0000950170-25-042088,2025-03-17,xslF345X05/ownership.xml,recent
2025-03-19,4,0000950170-25-041948,2025-03-17,xslF345X05/ownership.xml,recent
2025-03-19,4,0000950170-25-041911,2025-03-17,xslF345X05/ownership.xml,recent
2025-03-19,4,0000950170-25-041857,2025-03-17,xslF345X05/ownership.xml,recent
2025-03-19,4,0000950170-25-041851,2025-03-17,xslF345X05/ownership.xml,recent
2025-03-19,4,0000950170-25-041841,2025-03-17,xslF345X05/ownership.xml,recent
2025-03-19,4,0000950170-25-041836,2025-03-17,xslF345X05/ownership.xml,recent
2025-03-19,4,0000950170-25-041834,2025-03-17,xslF345X05/ownership.xml,recent
2025-03-19,4,0000950170-25-041829,2025-03-17,xslF345X05/ownership.xml,recent
2025-03-26,4,0000950170-25-045596,2025-03-25,xslF345X05/ownership.xml,recent
2025-03-26,4,0000950170-25-045574,2025-03-25,xslF345X05/ownership.xml,recent
2025-03-27,144,0001950047-25-002219,,xsl144X01/primary_doc.xml,recent
2025-03-27,4,0000950170-25-046258,2025-03-25,xslF345X05/ownership.xml,recent
2025-03-27,4,0000950170-25-046216,2025-03-25,xslF345X05/ownership.xml,recent
2025-03-27,4,0000950170-25-046023,2025-03-25,xslF345X05/ownership.xml,recent
2025-03-27,4,0000950170-25-045982,2025-03-25,xslF345X05/ownership.xml,recent
2025-03-28,144,0001921094-25-000359,,xsl144X01/primary_doc.xml,recent
2025-03-31,4,0000950170-25-047884,2025-03-28,xslF345X05/ownership.xml,recent
2025-03-31,4,0000950170-25-047807,2025-03-28,xslF345X05/ownership.xml,recent
2025-04-01,4,0000950170-25-048755,2025-04-01,xslF345X05/ownership.xml,recent
2025-04-02,144,0001950047-25-002336,,xsl144X01/primary_doc.xml,recent
2025-04-02,144,0001950047-25-002335,,xsl144X01/primary_doc.xml,recent
2025-04-04,4,0000950170-25-051206,2025-04-02,xslF345X05/ownership.xml,recent
2025-04-14,144,0001973141-25-000178,,xsl144X01/primary_doc.xml,recent
2025-04-14,4,0000950170-25-053784,2025-04-14,xslF345X05/ownership.xml,recent
2025-04-16,144,0001950047-25-002500,,xsl144X01/primary_doc.xml,recent
2025-04-16,144,0001950047-25-002499,,xsl144X01/primary_doc.xml,recent
2025-04-18,4,0000950170-25-055829,2025-04-16,xslF345X05/ownership.xml,recent
2025-04-18,8-K,0001652044-25-000033,2025-04-17,goog-20250417.htm,recent
2025-04-24,8-K,0001652044-25-000040,2025-04-23,goog-20250423.htm,recent
2025-04-25,10-Q,0001652044-25-000043,2025-03-31,goog-20250331.htm,recent
2025-04-25,ARS,0001308179-25-000513,2024-12-31,goog012714-ars.pdf,recent
2025-04-25,DEF 14A,0001308179-25-000511,2025-06-06,goog012701-def14a.htm,recent
2025-04-25,DEFA14A,0001308179-25-000512,,goog012701-defa14a.htm,recent
2025-04-25,S-3ASR,0001193125-25-095696,,d949656ds3asr.htm,recent
2025-04-28,424B5,0001193125-25-098380,,d910841d424b5.htm,recent
2025-04-28,FWP,0001193125-25-100802,,d806252dfwp.htm,recent
2025-04-29,4,0000950170-25-060465,2025-04-25,xslF345X05/ownership.xml,recent
2025-04-29,4,0000950170-25-060426,2025-04-25,xslF345X05/ownership.xml,recent
2025-04-29,424B5,0001193125-25-101705,,d926856d424b5.htm,recent
2025-04-29,FWP,0001193125-25-103574,,d946828dfwp.htm,recent
2025-04-29,PX14A6G,0001214659-25-006528,,w429250px14a6g.htm,recent
2025-04-30,144,0001921094-25-000420,,xsl144X01/primary_doc.xml,recent
2025-04-30,424B2,0001193125-25-107005,,d910841d424b2.htm,recent
2025-04-30,PX14A6G,0001214659-25-006690,,b430252px14a6g.htm,recent
2025-05-01,144,0001950047-25-002654,,xsl144X01/primary_doc.xml,recent
2025-05-01,4,0000950170-25-061986,2025-04-30,xslF345X05/ownership.xml,recent
2025-05-01,424B2,0001193125-25-110061,,d926856d424b2.htm,recent
2025-05-01,8-K,0001193125-25-110020,2025-05-01,d884388d8k.htm,recent
2025-05-02,13F-HR,0001652044-25-000045,2025-03-31,xslForm13F_X02/primary_doc.xml,recent
2025-05-06,8-K,0001193125-25-113864,2025-05-06,d859422d8k.htm,recent
2025-05-07,144,0001950047-25-002783,,xsl144X01/primary_doc.xml,recent
2025-05-07,144,0001950047-25-002782,,xsl144X01/primary_doc.xml,recent
2025-05-07,PX14A6G,0000921895-25-001315,,px14a6g14098010_05072025.htm,recent
2025-05-09,4,0000950170-25-068322,2025-05-07,xslF345X05/ownership.xml,recent
2025-05-09,PX14A6G,0001214659-25-007295,,p59255px14a6g.htm,recent
2025-05-13,144,0001969223-25-000308,,xsl144X01/primary_doc.xml,recent
2025-05-14,8-A12B,0001193125-25-119875,,d943817d8a12b.htm,recent
2025-05-15,4,0000950170-25-072605,2025-05-13,xslF345X05/ownership.xml,recent
2025-05-15,CERT,0001354457-25-000425,,GOOG_8A_Cert.pdf,recent
2025-05-16,PX14A6G,0001096906-25-000841,,nlpc_px14a6g.htm,recent
2025-05-16,PX14A6G,0001096906-25-000830,,insp_px14a6g.htm,recent
2025-05-19,4,0001415889-25-013728,2025-05-15,xslF345X05/form4-05192025_110520.xml,recent
2025-05-21,144,0001950047-25-003322,,xsl144X01/primary_doc.xml,recent
2025-05-21,144,0001950047-25-003321,,xsl144X01/primary_doc.xml,recent
2025-05-21,4,0000950170-25-075820,2025-05-21,xslF345X05/ownership.xml,recent
2025-05-22,144,0001950047-25-003360,,xsl144X01/primary_doc.xml,recent
2025-05-22,144,0001950047-25-003359,,xsl144X01/primary_doc.xml,recent
2025-05-22,144,0001969223-25-000345,,xsl144X01/primary_doc.xml,recent
2025-05-23,4,0000950170-25-077129,2025-05-21,xslF345X05/ownership.xml,recent
2025-05-23,4,0000950170-25-077118,2025-05-22,xslF345X05/ownership.xml,recent
2025-05-23,4,0000950170-25-077083,2025-05-22,xslF345X05/ownership.xml,recent
2025-05-28,4,0000950170-25-078530,2025-05-25,xslF345X05/ownership.xml,recent
2025-05-30,144,0001921094-25-000573,,xsl144X01/primary_doc.xml,recent
2025-05-30,SD,0001652044-25-000049,,googformsd-2024.htm,recent
2025-06-02,4,0000950170-25-080442,2025-05-30,xslF345X05/ownership.xml,recent
2025-06-04,144,0001950047-25-003840,,xsl144X01/primary_doc.xml,recent
2025-06-04,144,0001950047-25-003835,,xsl144X01/primary_doc.xml,recent
2025-06-04,4,0000950170-25-081829,2025-06-04,xslF345X05/ownership.xml,recent
2025-06-12,8-K,0001193125-25-139948,2025-06-06,d949049d8k.htm,recent
2025-06-13,144,0001969223-25-000431,,xsl144X01/primary_doc.xml,recent
2025-06-17,4,0000950170-25-087578,2025-06-16,xslF345X05/ownership.xml,recent
2025-06-17,4,0000950170-25-087366,2025-06-13,xslF345X05/ownership.xml,recent
2025-06-18,144,0001950047-25-004476,,xsl144X01/primary_doc.xml,recent
2025-06-18,144,0001950047-25-004465,,xsl144X01/primary_doc.xml,recent
2025-06-18,4,0000950170-25-088033,2025-06-16,xslF345X05/ownership.xml,recent
2025-06-18,4,0000950170-25-088027,2025-06-16,xslF345X05/ownership.xml,recent
2025-06-18,4,0000950170-25-088023,2025-06-16,xslF345X05/ownership.xml,recent
2025-06-18,4,0000950170-25-088020,2025-06-16,xslF345X05/ownership.xml,recent
2025-06-18,4,0000950170-25-088017,2025-06-16,xslF345X05/ownership.xml,recent
2025-06-18,4,0000950170-25-088015,2025-06-16,xslF345X05/ownership.xml,recent
2025-06-18,4,0000950170-25-088013,2025-06-16,xslF345X05/ownership.xml,recent
2025-06-18,4,0000950170-25-088011,2025-06-16,xslF345X05/ownership.xml,recent
2025-06-18,4,0000950170-25-087990,2025-06-16,xslF345X05/ownership.xml,recent
2025-06-18,4,0000950170-25-087988,2025-06-16,xslF345X05/ownership.xml,recent
2025-06-18,4,0000950170-25-087985,2025-06-16,xslF345X05/ownership.xml,recent
2025-06-20,4,0000950170-25-088597,2025-06-18,xslF345X05/ownership.xml,recent
2025-06-27,4,0000950170-25-091012,2025-06-25,xslF345X05/ownership.xml,recent
2025-06-27,4,0000950170-25-090996,2025-06-25,xslF345X05/ownership.xml,recent
2025-06-27,4,0000950170-25-090982,2025-06-25,xslF345X05/ownership.xml,recent
2025-06-27,4,0000950170-25-090969,2025-06-25,xslF345X05/ownership.xml,recent
2025-06-27,4,0000950170-25-090965,2025-06-25,xslF345X05/ownership.xml,recent
2025-06-27,4,0000950170-25-090957,2025-06-25,xslF345X05/ownership.xml,recent
2025-06-30,144,0001921094-25-000733,,xsl144X01/primary_doc.xml,recent
2025-06-30,4,0000950170-25-091830,2025-06-30,xslF345X05/ownership.xml,recent
2025-07-02,144,0001950047-25-004801,,xsl144X01/primary_doc.xml,recent
2025-07-02,144,0001950047-25-004800,,xsl144X01/primary_doc.xml,recent
2025-07-03,4,0000950170-25-094067,2025-07-02,xslF345X05/ownership.xml,recent
2025-07-10,144,0001968582-25-000586,,xsl144X01/primary_doc.xml,recent
2025-07-10,144,0001968582-25-000585,,xsl144X01/primary_doc.xml,recent
2025-07-10,144,0001968582-25-000584,,xsl144X01/primary_doc.xml,recent
2025-07-11,4,0000950170-25-095431,2025-07-02,xslF345X05/ownership.xml,recent
2025-07-11,4,0000950170-25-095429,2025-07-02,xslF345X05/ownership.xml,recent
2025-07-11,4,0000950170-25-095427,2025-07-02,xslF345X05/ownership.xml,recent
2025-07-11,4,0000950170-25-095425,2025-07-02,xslF345X05/ownership.xml,recent
2025-07-11,4,0000950170-25-095423,2025-07-02,xslF345X05/ownership.xml,recent
2025-07-11,4,0000950170-25-095421,2025-07-02,xslF345X05/ownership.xml,recent
2025-07-11,4,0000950170-25-095419,2025-07-02,xslF345X05/ownership.xml,recent
2025-07-14,144,0001969223-25-000507,,xsl144X01/primary_doc.xml,recent
2025-07-16,144,0001950047-25-005059,,xsl144X01/primary_doc.xml,recent
2025-07-16,144,0001950047-25-005058,,xsl144X01/primary_doc.xml,recent
2025-07-16,4,0000950170-25-096392,2025-07-14,xslF345X05/ownership.xml,recent
2025-07-17,4,0000950170-25-096682,2025-07-16,xslF345X05/ownership.xml,recent
2025-07-18,144,0001950047-25-005099,,xsl144X01/primary_doc.xml,recent
2025-07-18,144,0001950047-25-005098,,xsl144X01/primary_doc.xml,recent
2025-07-18,8-K,0001193125-25-161225,2025-07-08,d21412d8k.htm,recent
2025-07-21,4,0000950170-25-097289,2025-07-18,xslF345X05/ownership.xml,recent
2025-07-23,8-K,0001652044-25-000056,2025-07-23,goog-20250723.htm,recent
2025-07-24,10-Q,0001652044-25-000062,2025-06-30,goog-20250630.htm,recent
2025-07-28,4,0000950170-25-099314,2025-07-25,xslF345X05/ownership.xml,recent
2025-07-28,4,0001415889-25-020384,2025-07-25,xslF345X05/form4-07282025_090715.xml,recent
2025-07-30,144,0001921094-25-000844,,xsl144X01/primary_doc.xml,recent
2025-07-31,4,0000950170-25-101085,2025-07-30,xslF345X05/ownership.xml,recent
2025-08-01,13F-HR,0001652044-25-000063,2025-06-30,xslForm13F_X02/primary_doc.xml,recent
2025-08-04,144,0001950047-25-005401,,xsl144X01/primary_doc.xml,recent
2025-08-05,4,0001415889-25-021025,2025-08-01,xslF345X05/form4-08052025_080848.xml,recent
2025-08-06,144,0001950047-25-005487,,xsl144X01/primary_doc.xml,recent
2025-08-06,144,0001950047-25-005485,,xsl144X01/primary_doc.xml,recent
2025-08-06,4,0000950170-25-104305,2025-08-06,xslF345X05/ownership.xml,recent
2025-08-06,4,0000950170-25-104177,2025-08-04,xslF345X05/ownership.xml,recent
2025-08-07,4,0000950170-25-105288,2025-08-06,xslF345X05/ownership.xml,recent
2025-08-08,144,0001969223-25-000587,,xsl144X01/primary_doc.xml,recent
2025-08-11,4,0000950170-25-106731,2025-08-08,xslF345X05/ownership.xml,recent
2025-08-13,144,0001969223-25-000603,,xsl144X01/primary_doc.xml,recent
2025-08-14,4,0000950170-25-109103,2025-08-13,xslF345X05/ownership.xml,recent
2025-08-14,SCHEDULE 13G/A,0000950170-25-109161,,xslSCHEDULE_13G_X01/primary_doc.xml,recent
2025-08-15,144,0001950047-25-005905,,xsl144X01/primary_doc.xml,recent
2025-08-15,144,0001950047-25-005904,,xsl144X01/primary_doc.xml,recent
2025-08-18,4,0000950170-25-109713,2025-08-15,xslF345X05/ownership.xml,recent
2025-08-20,144,0001950047-25-006105,,xsl144X01/primary_doc.xml,recent
2025-08-20,144,0001950047-25-006104,,xsl144X01/primary_doc.xml,recent
2025-08-21,4,0000950170-25-110749,2025-08-20,xslF345X05/ownership.xml,recent
2025-08-21,4/A,0000950170-25-110753,2025-07-30,xslF345X05/ownership.xml,recent
2025-08-26,4,0000950170-25-111530,2025-08-25,xslF345X05/ownership.xml,recent
2025-08-28,144,0001921094-25-001045,,xsl144X01/primary_doc.xml,recent
2025-08-29,4,0000950170-25-112319,2025-08-28,xslF345X05/ownership.xml,recent
2025-08-29,4/A,0000950170-25-112321,2025-08-28,xslF345X05/ownership.xml,recent
2025-08-29,N-PX,0001021408-25-004667,2025-06-30,xslN-PX_X01/primary_doc.xml,recent
2025-09-03,144,0001950047-25-006714,,xsl144X01/primary_doc.xml,recent
2025-09-03,144,0001950047-25-006713,,xsl144X01/primary_doc.xml,recent
2025-09-03,8-K,0001652044-25-000067,2025-09-02,goog-20250902.htm,recent
2025-09-05,4,0000950170-25-113278,2025-09-03,xslF345X05/ownership.xml,recent
2025-09-05,8-K,0001652044-25-000074,2025-09-05,goog-20250905.htm,recent
2025-09-15,144,0001969223-25-000771,,xsl144X01/primary_doc.xml,recent
2025-09-16,4,0001193125-25-205278,2025-09-15,xslF345X05/ownership.xml,recent
2025-09-16,4,0001193125-25-205274,2025-09-15,xslF345X05/ownership.xml,recent
2025-09-17,144,0001950047-25-007260,,xsl144X01/primary_doc.xml,recent
2025-09-17,144,0001950047-25-007259,,xsl144X01/primary_doc.xml,recent
2025-09-17,4,0001193125-25-206631,2025-09-15,xslF345X05/ownership.xml,recent
2025-09-17,4,0001193125-25-206614,2025-09-15,xslF345X05/ownership.xml,recent
2025-09-17,4,0001193125-25-206604,2025-09-15,xslF345X05/ownership.xml,recent
2025-09-17,4,0001193125-25-206597,2025-09-15,xslF345X05/ownership.xml,recent
2025-09-17,4,0001193125-25-206593,2025-09-15,xslF345X05/ownership.xml,recent
2025-09-17,4,0001193125-25-206585,2025-09-15,xslF345X05/ownership.xml,recent
2025-09-17,4,0001193125-25-206579,2025-09-15,xslF345X05/ownership.xml,recent
2025-09-17,4,0001193125-25-206575,2025-09-15,xslF345X05/ownership.xml,recent
2025-09-17,4,0001193125-25-206564,2025-09-15,xslF345X05/ownership.xml,recent
2025-09-17,4,0001193125-25-206518,2025-09-15,xslF345X05/ownership.xml,recent
2025-09-17,4,0001193125-25-206510,2025-09-15,xslF345X05/ownership.xml,recent
2025-09-29,144,0001950047-25-007561,,xsl144X01/primary_doc.xml,recent
2025-09-29,4,0001193125-25-223749,2025-09-25,xslF345X05/ownership.xml,recent
2025-09-29,4,0001193125-25-223746,2025-09-25,xslF345X05/ownership.xml,recent
2025-09-29,4,0001193125-25-223743,2025-09-25,xslF345X05/ownership.xml,recent
2025-09-29,4,0001193125-25-223741,2025-09-25,xslF345X05/ownership.xml,recent
2025-09-29,4,0001193125-25-223737,2025-09-25,xslF345X05/ownership.xml,recent
2025-09-29,4,0001193125-25-223734,2025-09-25,xslF345X05/ownership.xml,recent
2025-09-29,4,0001193125-25-223731,2025-09-25,xslF345X05/ownership.xml,recent
2025-09-30,144,0001921094-25-001215,,xsl144X01/primary_doc.xml,recent
2025-09-30,4,0001193125-25-225449,2025-09-30,xslF345X05/ownership.xml,recent
2025-10-01,144,0001950047-25-007671,,xsl144X01/primary_doc.xml,recent
2025-10-01,144,0001950047-25-007670,,xsl144X01/primary_doc.xml,recent
2025-10-01,4,0001193125-25-227254,2025-09-29,xslF345X05/ownership.xml,recent
2025-10-02,4,0001193125-25-228937,2025-10-01,xslF345X05/ownership.xml,recent
2025-10-02,4,0001193125-25-228891,2025-10-01,xslF345X05/ownership.xml,recent
2025-10-02,4,0001193125-25-228860,2025-10-01,xslF345X05/ownership.xml,recent
2025-10-14,144,0001969223-25-000845,,xsl144X01/primary_doc.xml,recent
2025-10-15,144,0001950047-25-007991,,xsl144X01/primary_doc.xml,recent
2025-10-15,144,0001950047-25-007988,,xsl144X01/primary_doc.xml,recent
2025-10-15,4,0001193125-25-240596,2025-10-13,xslF345X05/ownership.xml,recent
2025-10-17,4,0001193125-25-242778,2025-10-15,xslF345X05/ownership.xml,recent
2025-10-17,4,0001193125-25-242766,2025-10-15,xslF345X05/ownership.xml,recent
2025-10-29,4,0001193125-25-256392,2025-10-25,xslF345X05/ownership.xml,recent
2025-10-29,8-K,0001652044-25-000087,2025-10-29,goog-20251029.htm,recent
2025-10-30,10-Q,0001652044-25-000091,2025-09-30,goog-20250930.htm,recent
2025-10-30,144,0001921094-25-001302,,xsl144X01/primary_doc.xml,recent
2025-10-30,IRANNOTICE,0001652044-25-000092,,irannoticeq32025.htm,recent
2025-11-03,4,0001193125-25-262627,2025-10-30,xslF345X05/ownership.xml,recent
2025-11-03,424B5,0001193125-25-261740,,d64361d424b5.htm,recent
2025-11-03,424B5,0001193125-25-261546,,d65573d424b5.htm,recent
2025-11-03,FWP,0001193125-25-262837,,d74700dfwp.htm,recent
2025-11-04,4,0001193125-25-265136,2025-11-03,xslF345X05/ownership.xml,recent
2025-11-04,FWP,0001193125-25-263045,,d41216dfwp.htm,recent
2025-11-05,144,0001950047-25-008480,,xsl144X01/primary_doc.xml,recent
2025-11-05,144,0001950047-25-008476,,xsl144X01/primary_doc.xml,recent
2025-11-05,424B2,0001193125-25-267244,,d64361d424b2.htm,recent
2025-11-05,424B2,0001193125-25-267232,,d65573d424b2.htm,recent
2025-11-06,8-K,0001193125-25-269979,2025-11-06,d56115d8k.htm,recent
2025-11-07,13F-HR,0001652044-25-000096,2025-09-30,xslForm13F_X02/primary_doc.xml,recent
2025-11-07,4,0001193125-25-272562,2025-11-05,xslF345X05/ownership.xml,recent
2025-11-07,4/A,0001193125-25-272571,2025-09-25,xslF345X05/ownership.xml,recent
2025-11-12,144,0001950047-25-008786,,xsl144X01/primary_doc.xml,recent
2025-11-12,144,0001950047-25-008769,,xsl144X01/primary_doc.xml,recent
2025-11-12,144,0001950047-25-008706,,xsl144X01/primary_doc.xml,recent
2025-11-12,144,0001950047-25-008701,,xsl144X01/primary_doc.xml,recent
2025-11-13,144,0001968582-25-001057,,xsl144X01/primary_doc.xml,recent
2025-11-13,144,0001968582-25-001056,,xsl144X01/primary_doc.xml,recent
2025-11-13,144,0001968582-25-001055,,xsl144X01/primary_doc.xml,recent
2025-11-13,144,0001969223-25-000948,,xsl144X01/primary_doc.xml,recent
2025-11-17,4,0001193125-25-284951,2025-11-13,xslF345X05/ownership.xml,recent
2025-11-19,144,0001950047-25-009101,,xsl144X01/primary_doc.xml,recent
2025-11-19,144,0001950047-25-009100,,xsl144X01/primary_doc.xml,recent
2025-11-19,4,0001193125-25-288144,2025-11-17,xslF345X05/ownership.xml,recent
2025-11-21,4,0001193125-25-291724,2025-11-19,xslF345X05/ownership.xml,recent
2025-11-21,8-A12B,0001193125-25-291400,,d27515d8a12b.htm,recent
2025-11-26,4,0001193125-25-300961,2025-11-25,xslF345X05/ownership.xml,recent
2025-11-28,4,0001193125-25-302626,2025-11-26,xslF345X05/ownership.xml,recent
2025-12-01,144,0001921094-25-001439,,xsl144X01/primary_doc.xml,recent
2025-12-01,CERT,0001354457-25-001197,,GOOG_8A_Cert_1652044.pdf,recent
2025-12-02,4,0001193125-25-305621,2025-12-02,xslF345X05/ownership.xml,recent
2025-12-02,4,0001193125-25-305547,2025-12-01,xslF345X05/ownership.xml,recent
2025-12-03,144,0001950047-25-009729,,xsl144X01/primary_doc.xml,recent
2025-12-03,144,0001950047-25-009728,,xsl144X01/primary_doc.xml,recent
2025-12-05,4,0001193125-25-310054,2025-12-03,xslF345X05/ownership.xml,recent
2025-12-11,4,0001193125-25-316370,2025-12-09,xslF345X05/ownership.xml,recent
2025-12-15,144,0001969223-25-001092,,xsl144X01/primary_doc.xml,recent
2025-12-17,144,0001950047-25-010456,,xsl144X01/primary_doc.xml,recent
2025-12-17,144,0001950047-25-010455,,xsl144X01/primary_doc.xml,recent
2025-12-17,4,0001193125-25-323453,2025-12-15,xslF345X05/ownership.xml,recent
2025-12-17,4,0001193125-25-323423,2025-12-15,xslF345X05/ownership.xml,recent
2025-12-17,4,0001193125-25-323408,2025-12-15,xslF345X05/ownership.xml,recent
2025-12-17,4,0001193125-25-323394,2025-12-15,xslF345X05/ownership.xml,recent
2025-12-17,4,0001193125-25-323357,2025-12-15,xslF345X05/ownership.xml,recent
2025-12-17,4,0001193125-25-323314,2025-12-15,xslF345X05/ownership.xml,recent
2025-12-17,4,0001193125-25-323246,2025-12-15,xslF345X05/ownership.xml,recent
2025-12-18,4,0001193125-25-325129,2025-12-15,xslF345X05/ownership.xml,recent
2025-12-18,4,0001193125-25-325123,2025-12-15,xslF345X05/ownership.xml,recent
2025-12-18,4,0001193125-25-325094,2025-12-15,xslF345X05/ownership.xml,recent
2025-12-18,4,0001193125-25-325075,2025-12-15,xslF345X05/ownership.xml,recent
2025-12-18,4,0001193125-25-325042,2025-12-15,xslF345X05/ownership.xml,recent
2025-12-30,144,0001950047-25-010766,,xsl144X01/primary_doc.xml,recent
2025-12-30,4,0001193125-25-337462,2025-12-25,xslF345X05/ownership.xml,recent
2025-12-30,4,0001193125-25-337426,2025-12-25,xslF345X05/ownership.xml,recent
2025-12-30,4,0001193125-25-337416,2025-12-25,xslF345X05/ownership.xml,recent
2025-12-30,4,0001193125-25-337386,2025-12-25,xslF345X05/ownership.xml,recent
2025-12-30,4,0001193125-25-337346,2025-12-25,xslF345X05/ownership.xml,recent
2025-12-31,144,0001921094-25-001593,,xsl144X01/primary_doc.xml,recent
2025-12-31,4,0001193125-25-338475,2025-12-25,xslF345X05/ownership.xml,recent
2025-12-31,4,0001193125-25-338435,2025-12-31,xslF345X05/ownership.xml,recent
2026-01-02,4,0001193125-26-001121,2025-12-31,xslF345X05/ownership.xml,recent
2026-01-07,144,0001950047-26-000249,,xsl144X01/primary_doc.xml,recent
2026-01-07,144,0001950047-26-000247,,xsl144X01/primary_doc.xml,recent
2026-01-08,4,0001193125-26-007914,2026-01-07,xslF345X05/ownership.xml,recent
2026-01-13,144,0001969223-26-000037,,xsl144X01/primary_doc.xml,recent
2026-01-15,4,0001193125-26-014386,2026-01-13,xslF345X05/ownership.xml,recent
2026-01-15,4,0001193125-26-014384,2026-01-13,xslF345X05/ownership.xml,recent
2026-01-15,4,0001193125-26-014381,2026-01-13,xslF345X05/ownership.xml,recent
2026-01-15,4,0001193125-26-014378,2026-01-13,xslF345X05/ownership.xml,recent
2026-01-21,144,0001950047-26-000609,,xsl144X01/primary_doc.xml,recent
2026-01-21,144,0001950047-26-000607,,xsl144X01/primary_doc.xml,recent
2026-01-23,4,0001193125-26-021420,2026-01-21,xslF345X05/ownership.xml,recent
2026-01-27,4,0001193125-26-025268,2026-01-25,xslF345X05/ownership.xml,recent
2026-01-28,3,0001168404-26-000005,2026-01-28,xslF345X02/form3-01292026_010134.xml,recent
2026-01-29,144,0001921094-26-000063,,xsl144X01/primary_doc.xml,recent
2026-01-30,4,0001193125-26-032283,2026-01-29,xslF345X05/ownership.xml,recent
2026-01-30,4,0001168404-26-000007,2026-01-30,xslF345X05/form4-01302026_110152.xml,recent
2026-02-03,4,0001193125-26-036148,2026-02-02,xslF345X05/ownership.xml,recent
2026-02-04,144,0001950047-26-000933,,xsl144X01/primary_doc.xml,recent
2026-02-04,144,0001950047-26-000931,,xsl144X01/primary_doc.xml,recent
2026-02-04,8-K,0001652044-26-000012,2026-02-04,goog-20260204.htm,recent
2026-02-05,10-K,0001652044-26-000018,2025-12-31,goog-20251231.htm,recent
2026-02-05,IRANNOTICE,0001652044-26-000020,,irannoticeq42025.htm,recent
2026-02-06,4,0001193125-26-041594,2026-02-04,xslF345X05/ownership.xml,recent
2026-02-09,424B5,0001193125-26-041936,,d108033d424b5.htm,recent
2026-02-10,424B5,0001193125-26-043583,,d108423d424b5.htm,recent
2026-02-10,FWP,0001193125-26-044473,,d37599dfwp.htm,recent
2026-02-10,FWP,0001193125-26-043127,,d297481dfwp.htm,recent
2026-02-11,424B2,0001193125-26-046846,,d108033d424b2.htm,recent
2026-02-12,4,0001193125-26-049261,2026-02-10,xslF345X05/ownership.xml,recent
2026-02-12,424B2,0001193125-26-048730,,d108423d424b2.htm,recent
2026-02-13,13F-HR,0001652044-26-000023,2025-12-31,xslForm13F_X02/primary_doc.xml,recent
2026-02-13,144,0001969223-26-000179,,xsl144X01/primary_doc.xml,recent
2026-02-13,8-K,0001193125-26-051423,2026-02-13,d946885d8k.htm,recent
2026-02-17,144,0001950047-26-001355,,xsl144X01/primary_doc.xml,recent
2026-02-17,4,0001193125-26-055574,2026-02-13,xslF345X05/ownership.xml,recent
2026-02-17,5,0001193125-26-055238,2025-12-31,xslF345X05/ownership.xml,recent
2026-02-17,5,0001193125-26-055231,2025-12-31,xslF345X05/ownership.xml,recent
2026-02-17,5,0001193125-26-055198,2025-12-31,xslF345X05/ownership.xml,recent
2026-02-17,5,0001193125-26-055197,2025-12-31,xslF345X05/ownership.xml,recent
2026-02-17,5,0001193125-26-055196,2025-12-31,xslF345X05/ownership.xml,recent
2026-02-17,5,0001193125-26-055195,2025-12-31,xslF345X05/ownership.xml,recent
2026-02-17,5,0001193125-26-055191,2025-12-31,xslF345X05/ownership.xml,recent
2026-02-17,SCHEDULE 13G/A,0001193125-26-055590,,xslSCHEDULE_13G_X01/primary_doc.xml,recent
2026-02-18,144,0001950047-26-001475,,xsl144X01/primary_doc.xml,recent
2026-02-18,144,0001950047-26-001474,,xsl144X01/primary_doc.xml,recent
2026-02-19,4,0001193125-26-060024,2026-02-17,xslF345X05/ownership.xml,recent
2026-02-20,4,0001193125-26-061707,2026-02-19,xslF345X05/ownership.xml,recent
2026-02-20,4,0001193125-26-061632,2026-02-18,xslF345X05/ownership.xml,recent
2026-02-20,4/A,0001193125-26-061779,2026-01-13,xslF345X05/ownership.xml,recent
2026-02-20,4/A,0001193125-26-061731,2026-01-13,xslF345X05/ownership.xml,recent
2026-02-20,4/A,0001193125-26-061630,2026-01-13,xslF345X05/ownership.xml,recent
2026-02-25,4,0001193125-26-072513,2026-02-19,xslF345X05/ownership.xml,recent
2026-02-27,144,0001950047-26-001909,,xsl144X01/primary_doc.xml,recent
2026-02-27,144,0001950047-26-001908,,xsl144X01/primary_doc.xml,recent
2026-02-27,4,0001193125-26-083604,2026-02-26,xslF345X05/ownership.xml,recent
2026-03-02,144,0001921094-26-000226,,xsl144X01/primary_doc.xml,recent
2026-03-02,4,0001193125-26-086140,2026-02-26,xslF345X05/ownership.xml,recent
2026-03-04,144,0001950047-26-002186,,xsl144X01/primary_doc.xml,recent
2026-03-04,144,0001950047-26-002185,,xsl144X01/primary_doc.xml,recent
2026-03-04,4,0001193125-26-091916,2026-03-02,xslF345X05/ownership.xml,recent
2026-03-04,4,0001193125-26-091912,2026-03-03,xslF345X05/ownership.xml,recent
2026-03-06,4,0001193125-26-097008,2026-03-04,xslF345X05/ownership.xml,recent
2026-03-06,8-K,0001652044-26-000026,2026-03-04,goog-20260304.htm,recent
2026-03-12,144,0001968582-26-000280,,xsl144X01/primary_doc.xml,recent
2026-03-12,144,0001968582-26-000279,,xsl144X01/primary_doc.xml,recent
2026-03-12,144,0001968582-26-000278,,xsl144X01/primary_doc.xml,recent
2026-03-12,8-A12B,0001193125-26-104210,,d25360d8a12b.htm,recent
2026-03-12,CERT,0001354457-26-000250,,GOOG_8A_Cert_1652044.pdf,recent
2026-03-16,144,0001969223-26-000352,,xsl144X01/primary_doc.xml,recent
2026-03-18,144,0001950047-26-002800,,xsl144X01/primary_doc.xml,recent
2026-03-18,144,0001950047-26-002795,,xsl144X01/primary_doc.xml,recent
2026-03-18,4,0001193125-26-114872,2026-03-16,xslF345X06/ownership.xml,recent
2026-03-18,4,0001193125-26-114871,2026-03-16,xslF345X06/ownership.xml,recent
2026-03-18,4,0001193125-26-114868,2026-03-16,xslF345X06/ownership.xml,recent
2026-03-18,4,0001193125-26-114859,2026-03-16,xslF345X06/ownership.xml,recent
2026-03-18,4,0001193125-26-114855,2026-03-16,xslF345X06/ownership.xml,recent
2026-03-18,4,0001193125-26-114853,2026-03-04,xslF345X06/ownership.xml,recent
2026-03-18,4,0001193125-26-114850,2026-03-16,xslF345X06/ownership.xml,recent
2026-03-18,4,0001193125-26-114847,2026-03-16,xslF345X06/ownership.xml,recent
2026-03-18,4,0001193125-26-114844,2026-03-16,xslF345X06/ownership.xml,recent
2026-03-18,4,0001193125-26-114842,2026-03-16,xslF345X06/ownership.xml,recent
2026-03-18,4,0001193125-26-114840,2026-03-16,xslF345X06/ownership.xml,recent
2026-03-18,4,0001193125-26-114831,2026-03-16,xslF345X06/ownership.xml,recent
2026-03-18,4,0001193125-26-114804,2026-03-16,xslF345X06/ownership.xml,recent
2026-03-26,SCHEDULE 13G/A,0000102909-26-000584,,xslSCHEDULE_13G_X02/primary_doc.xml,recent
2026-03-26,SCHEDULE 13G/A,0000102909-26-000583,,xslSCHEDULE_13G_X02/primary_doc.xml,recent
2026-03-27,144,0001950047-26-003046,,xsl144X01/primary_doc.xml,recent
2026-03-27,4,0001193125-26-129999,2026-03-25,xslF345X06/ownership.xml,recent
2026-03-27,4,0001193125-26-129980,2026-03-25,xslF345X06/ownership.xml,recent
2026-03-27,4,0001193125-26-129971,2026-03-25,xslF345X06/ownership.xml,recent
2026-03-27,4,0001193125-26-129959,2026-03-25,xslF345X06/ownership.xml,recent
2026-03-27,4,0001193125-26-129937,2026-03-25,xslF345X06/ownership.xml,recent
2026-03-27,4,0001193125-26-129915,2026-03-25,xslF345X06/ownership.xml,recent
2026-03-30,144,0001921094-26-000354,,xsl144X01/primary_doc.xml,recent
2026-03-31,4,0001193125-26-135334,2026-03-27,xslF345X06/ownership.xml,recent
2026-03-31,4,0001193125-26-135258,2026-03-30,xslF345X06/ownership.xml,recent
2026-04-02,8-K,0001652044-26-000031,2026-03-30,goog-20260330.htm,recent
2026-04-03,4,0001193125-26-142372,2026-04-01,xslF345X06/ownership.xml,recent
2026-04-10,4,0001193125-26-151397,2026-04-08,xslF345X06/ownership.xml,recent
2026-04-10,4,0001193125-26-151366,2026-04-08,xslF345X06/ownership.xml,recent
2026-04-10,4,0001193125-26-151343,2026-04-08,xslF345X06/ownership.xml,recent
2026-04-10,4,0001193125-26-151329,2026-04-08,xslF345X06/ownership.xml,recent
2026-04-10,8-K,0001652044-26-000034,2026-04-07,goog-20260407.htm,recent
2026-04-15,144,0001969223-26-000448,,xsl144X01/primary_doc.xml,recent
2026-04-17,4,0001193125-26-162189,2026-04-15,xslF345X06/ownership.xml,recent
2026-04-24,ARS,0001308179-26-000344,2025-12-31,goog014907-ars.pdf,recent
2026-04-24,DEF 14A,0001308179-26-000342,2026-06-05,goog-20260424.htm,recent
2026-04-24,DEFA14A,0001308179-26-000343,,a2026alphabetnps_noticeand.htm,recent
2026-04-27,PX14A6G,0001214659-26-005129,,o427262px14a6g.htm,recent
2026-04-28,4,0001193125-26-188492,2026-04-25,xslF345X06/ownership.xml,recent
2026-04-28,4,0001193125-26-188490,2026-04-25,xslF345X06/ownership.xml,recent
2026-04-28,4,0001193125-26-188485,2026-04-25,xslF345X06/ownership.xml,recent
2026-04-28,4/A,0001193125-26-188493,2023-01-25,xslF345X06/ownership.xml,recent
2026-04-28,PX14A6G,0000921895-26-001098,,px14a6g14098010_04282026.htm,recent
2026-04-29,4,0001193125-26-193335,2025-11-11,xslF345X06/ownership.xml,recent
2026-04-29,4,0001193125-26-192974,2026-04-25,xslF345X06/ownership.xml,recent
2026-04-29,8-K,0001652044-26-000043,2026-04-29,goog-20260429.htm,recent
2026-04-29,SCHEDULE 13G,0002100119-26-000161,,xslSCHEDULE_13G_X02/primary_doc.xml,recent
2026-04-29,SCHEDULE 13G,0002100119-26-000137,,xslSCHEDULE_13G_X02/primary_doc.xml,recent
2026-04-30,10-Q,0001652044-26-000048,2026-03-31,goog-20260331.htm,recent
2026-04-30,144,0001921094-26-000423,,xsl144X01/primary_doc.xml,recent
2026-04-30,PX14A6G,0001214659-26-005268,,o429268px14a6g.htm,recent
2026-05-01,4,0001193125-26-201851,2026-04-30,xslF345X06/ownership.xml,recent
2026-05-05,424B5,0001193125-26-205120,,d325417d424b5.htm,recent
2026-05-05,424B5,0001193125-26-204938,,d152073d424b5.htm,recent
2026-05-05,FWP,0001193125-26-206809,,d134313dfwp.htm,recent
2026-05-05,FWP,0001193125-26-206404,,d127573dfwp.htm,recent
2026-05-05,PX14A6G,0001214659-26-005597,,o55262px14a6g.htm,recent
2026-05-07,424B2,0001193125-26-212222,,d325417d424b2.htm,recent
2026-05-07,424B2,0001193125-26-212210,,d152073d424b2.htm,recent
2026-05-08,13F-HR,0001652044-26-000051,2026-03-31,xslForm13F_X02/primary_doc.xml,recent
2026-05-11,424B5,0001193125-26-215570,,d137872d424b5.htm,recent
2026-05-11,8-K,0001193125-26-216986,2026-05-11,d109021d8k.htm,recent
2026-05-12,144,0001950047-26-004400,,xsl144X01/primary_doc.xml,recent
2026-05-12,144,0001950047-26-004389,,xsl144X01/primary_doc.xml,recent
2026-05-15,144,0001969223-26-000558,,xsl144X01/primary_doc.xml,recent
2026-05-15,FWP,0001193125-26-225046,,d104539dfwp.htm,recent
2026-05-18,4,0001168404-26-000025,2026-05-14,xslF345X06/form4-05182026_100553.xml,recent
2026-05-18,424B5,0001193125-26-228923,,d137872d424b5.htm,recent
2026-05-18,PX14A6G,0001214659-26-006524,,d518261px14a6g.htm,recent
2026-05-19,4,0001193125-26-231383,2026-05-15,xslF345X06/ownership.xml,recent
2026-05-20,4,0001193125-26-233121,2026-05-18,xslF345X06/ownership.xml,recent
2026-05-21,8-K,0001193125-26-234488,2026-05-21,d144566d8k.htm,recent
2026-05-27,4,0001193125-26-242640,2026-05-25,xslF345X06/ownership.xml,recent
2026-05-27,4,0001193125-26-242636,2026-05-25,xslF345X06/ownership.xml,recent
2026-05-27,4,0001193125-26-242634,2026-05-25,xslF345X06/ownership.xml,recent
2026-05-27,4,0001193125-26-242630,2026-05-25,xslF345X06/ownership.xml,recent
2026-05-27,4,0001193125-26-242628,2026-05-25,xslF345X06/ownership.xml,recent
2026-05-29,144,0001921094-26-000570,,xsl144X01/primary_doc.xml,recent
2026-06-01,4,0001193125-26-252164,2026-05-29,xslF345X06/ownership.xml,recent
2026-06-01,4,0001193125-26-252002,2026-05-29,xslF345X06/ownership.xml,recent
2026-06-01,FWP,0001193125-26-251733,,d160205dfwp.htm,recent
2026-06-01,S-3ASR,0001193125-26-251560,,d135361ds3asr.htm,recent
2026-06-01,SD,0001652044-26-000055,,googformsd-2025.htm,recent
2026-06-02,424B5,0001193125-26-252439,,d150348d424b5.htm,recent
2026-06-02,424B5,0001193125-26-252392,,d152175d424b5.htm,recent
2026-06-02,424B5,0001193125-26-252374,,d159942d424b5.htm,recent
2026-06-02,424B5,0001193125-26-252362,,d152107d424b5.htm,recent
2026-06-03,8-A12B,0001193125-26-255736,,d129941d8a12b.htm,recent
2026-06-03,FWP,0001193125-26-254490,,d110089dfwp.htm,recent
2026-06-03,FWP,0001193125-26-254474,,d152589dfwp.htm,recent
2026-06-04,424B5,0001193125-26-257702,,d152175d424b5.htm,recent
2026-06-04,424B5,0001193125-26-257690,,d159942d424b5.htm,recent
2026-06-04,424B5,0001193125-26-256375,,d152107d424b5.htm,recent
2026-06-04,8-K,0001193125-26-257724,2026-06-04,d83560d8k.htm,recent
2026-06-04,CERT,0001354457-26-000534,,GOOG_8A_Cert_1652044.pdf,recent
2026-06-05,3,0001193125-26-260194,2026-05-27,xslF345X06/ownership.xml,recent
2026-06-05,8-A12B,0001193125-26-259954,,d136863d8a12b.htm,recent
2026-06-05,8-K,0001193125-26-259830,2026-06-05,d36818d8k.htm,recent
2026-06-05,8-K,0001652044-26-000059,2026-06-02,goog-20260602.htm,recent
2026-06-05,DEFA14A,0001193125-26-258001,,d36803ddefa14a.htm,recent
2026-06-08,CERT,0001354457-26-000538,,Google_8A_Cert.pdf,recent
2026-06-11,8-K,0001193125-26-267578,2026-06-05,d57679d8k.htm,recent
2026-06-15,144,0001969223-26-000694,,xsl144X01/primary_doc.xml,recent
2026-06-17,4,0001193125-26-274733,2026-06-15,xslF345X06/ownership.xml,recent
2026-06-17,4,0001193125-26-274732,2026-06-15,xslF345X06/ownership.xml,recent
2026-06-17,4,0001193125-26-274731,2026-06-15,xslF345X06/ownership.xml,recent
2026-06-17,4,0001193125-26-274730,2026-06-15,xslF345X06/ownership.xml,recent
2026-06-17,4,0001193125-26-274729,2026-06-15,xslF345X06/ownership.xml,recent
2026-06-17,4,0001193125-26-274727,2026-06-15,xslF345X06/ownership.xml,recent
2026-06-18,4,0001193125-26-276126,2026-06-15,xslF345X06/ownership.xml,recent
2026-06-18,4,0001193125-26-276118,2026-06-15,xslF345X06/ownership.xml,recent
2026-06-18,4,0001193125-26-276114,2026-06-15,xslF345X06/ownership.xml,recent
2026-06-18,4,0001193125-26-276111,2026-06-15,xslF345X06/ownership.xml,recent
2026-06-18,4,0001193125-26-276104,2026-06-15,xslF345X06/ownership.xml,recent
2026-06-18,4,0001193125-26-276099,2026-06-15,xslF345X06/ownership.xml,recent
2026-06-18,4,0001193125-26-274740,2026-06-15,xslF345X06/ownership.xml,recent
2026-06-26,144,0001950047-26-006553,,xsl144X01/primary_doc.xml,recent
2026-06-29,144,0001950047-26-006624,,xsl144X01/primary_doc.xml,recent
2026-06-29,4,0001193125-26-289028,2026-06-25,xslF345X06/ownership.xml,recent
2026-06-29,4,0001193125-26-289019,2026-06-25,xslF345X06/ownership.xml,recent
2026-06-29,4,0001193125-26-289015,2026-06-25,xslF345X06/ownership.xml,recent
2026-06-29,4,0001193125-26-289012,2026-06-25,xslF345X06/ownership.xml,recent
2026-06-29,4,0001193125-26-289009,2026-06-25,xslF345X06/ownership.xml,recent
2026-06-29,4,0001193125-26-289007,2026-06-25,xslF345X06/ownership.xml,recent
2026-06-30,144,0001921094-26-000693,,xsl144X01/primary_doc.xml,recent
2026-06-30,4,0001193125-26-290710,2026-06-30,xslF345X06/ownership.xml,recent
2026-07-01,4,0001193125-26-292904,2026-06-29,xslF345X06/ownership.xml,recent
2026-07-06,4,0001193125-26-296465,2026-07-01,xslF345X06/ownership.xml,recent
2026-07-06,4,0001193125-26-296453,2026-07-01,xslF345X06/ownership.xml,recent
2026-07-06,4,0001193125-26-296382,2026-07-01,xslF345X06/ownership.xml,recent
2026-07-06,4,0001193125-26-296351,2026-07-01,xslF345X06/ownership.xml,recent
2026-07-06,4,0001193125-26-296327,2026-07-01,xslF345X06/ownership.xml,recent
2026-07-06,4,0001193125-26-296291,2026-07-01,xslF345X06/ownership.xml,recent
2026-07-06,4,0001193125-26-296243,2026-07-01,xslF345X06/ownership.xml,recent
2026-07-09,144,0001968582-26-000714,,xsl144X01/primary_doc.xml,recent
2026-07-09,144,0001968582-26-000713,,xsl144X01/primary_doc.xml,recent
2026-07-09,144,0001968582-26-000712,,xsl144X01/primary_doc.xml,recent
2026-07-17,4,0001168404-26-000029,2026-07-15,xslF345X06/form4-07182026_120730.xml,recent
2026-07-21,4,0001168404-26-000031,2026-07-17,xslF345X06/form4-07212026_090748.xml,recent
2026-07-22,8-K,0001652044-26-000066,2026-07-22,goog-20260722.htm,recent
2026-07-23,10-Q,0001652044-26-000071,2026-06-30,goog-20260630.htm,recent
2026-07-23,4,0001168404-26-000036,2026-07-21,xslF345X06/form4-07232026_080714.xml,recent
2026-07-23,S-8,0001193125-26-312805,,d60612ds8.htm,recent
2026-07-27,4,0001168404-26-000039,2026-07-23,xslF345X06/form4-07272026_100703.xml,recent
2026-07-28,4,0001193125-26-321684,2026-07-01,xslF345X06/ownership.xml,recent
2026-07-28,4,0001193125-26-321683,2026-07-25,xslF345X06/ownership.xml,recent
2026-07-28,4,0001193125-26-321678,2026-07-25,xslF345X06/ownership.xml,recent
2026-07-28,4,0001193125-26-321676,2026-07-25,xslF345X06/ownership.xml,recent
2026-07-28,4,0001193125-26-321674,2026-07-25,xslF345X06/ownership.xml,recent
2026-07-28,4,0001193125-26-321672,2026-07-25,xslF345X06/ownership.xml,recent
2026-07-29,144,0001950047-26-007407,,xsl144X01/primary_doc.xml,recent
2026-07-29,4,0001168404-26-000041,2026-07-27,xslF345X06/form4-07292026_110704.xml,recent
2026-07-29,4,0001193125-26-324312,2026-07-29,xslF345X06/ownership.xml,recent
2026-07-30,144,0001921094-26-000772,,xsl144X01/primary_doc.xml,recent
2026-07-30,4,0001193125-26-326284,2026-07-30,xslF345X06/ownership.xml,recent
2026-08-06,4,0001193125-26-338824,2026-08-05,xslF345X06/ownership.xml,recent
2026-08-06,424B5,0001193125-26-336853,,d140593d424b5.htm,recent
2026-08-06,424B5,0001193125-26-336798,,d32286d424b5.htm,recent
2026-08-07,13F-HR,0001652044-26-000073,2026-06-30,xslForm13F_X02/primary_doc.xml,recent
2026-08-07,424B2,0001193125-26-340264,,d32286d424b2.htm,recent
2026-08-07,FWP,0001193125-26-338750,,d159970dfwp.htm,recent
2026-08-10,8-K,0001193125-26-342390,2026-08-10,d171253d8k.htm,recent
2026-08-11,4,0001193125-26-345383,2026-08-07,xslF345X06/ownership.xml,recent
2026-08-27,4,0001193125-26-371799,2026-08-25,xslF345X06/ownership.xml,recent
2026-08-27,4,0001193125-26-371797,2026-08-25,xslF345X06/ownership.xml,recent
2026-08-27,4,0001193125-26-371794,2026-08-25,xslF345X06/ownership.xml,recent
2026-08-27,4,0001193125-26-371788,2026-08-25,xslF345X06/ownership.xml,recent
2026-08-27,4,0001193125-26-371785,2026-08-25,xslF345X06/ownership.xml,recent
2026-08-27,4,0001193125-26-371778,2026-08-25,xslF345X06/ownership.xml,recent
2026-08-28,144,0001921094-26-000964,,xsl144X01/primary_doc.xml,recent
2026-08-28,N-PX,0001193125-26-374341,2026-06-30,xslN-PX_X01/primary_doc.xml,recent
2026-08-31,4,0001193125-26-377149,2026-08-28,xslF345X06/ownership.xml,recent
2026-09-03,4,0001193125-26-382332,2026-09-01,xslF345X06/ownership.xml,recent
2026-09-03,4,0001193125-26-382328,2026-09-01,xslF345X06/ownership.xml,recent
2026-09-16,4,0001193125-26-393517,2026-09-14,xslF345X06/ownership.xml,recent
2026-09-16,4,0001193125-26-393515,2026-09-14,xslF345X06/ownership.xml,recent
2026-09-16,4,0001193125-26-393513,2026-09-14,xslF345X06/ownership.xml,recent
2026-09-16,4,0001193125-26-393511,2026-09-14,xslF345X06/ownership.xml,recent
2026-09-16,4,0001193125-26-393509,2026-09-14,xslF345X06/ownership.xml,recent
2026-09-16,4,0001193125-26-393506,2026-09-14,xslF345X06/ownership.xml,recent
2026-09-16,4,0001193125-26-393503,2026-09-14,xslF345X06/ownership.xml,recent
2026-09-16,4,0001193125-26-393500,2026-09-14,xslF345X06/ownership.xml,recent
2026-09-16,4,0001193125-26-393497,2026-09-14,xslF345X06/ownership.xml,recent
2026-09-16,4,0001193125-26-393494,2026-09-14,xslF345X06/ownership.xml,recent
2026-09-16,4,0001193125-26-393491,2026-09-14,xslF345X06/ownership.xml,recent
2026-09-16,4,0001193125-26-393485,2026-09-14,xslF345X06/ownership.xml,recent
2026-09-16,4,0001193125-26-393483,2026-09-14,xslF345X06/ownership.xml,recent
